game_id,genre
3-ninjas-kick-back,Platform
3x3-eyes-juuma-houkan,Fighting
3x3-eyes-seima-kourinden,Fighting
4-nin-shougi,Strategy
7th-saga-the,RPG
90-minutes-european-prime-goal,Sports
a-ressha-de-ikou-3-super-version,Simulation
aaahh-real-monsters,Platform
abc-monday-night-football,Sports
accelebrid,Shooters
ace-wo-nerae,Sports
acme-animation-factory,Puzzle
acrobat-mission,Shooters
action-pachio,Platform
actraiser,Action
actraiser-2,Platform
add-eye-of-the-beholder,RPG
addams-family-the,Platform
addams-family-the-pugsleys-scavenger-hunt,Platform
addams-family-values,RPG
adventures-of-batman-robin-the,Action
adventures-of-dr-franken-the,Platform
adventures-of-kid-kleets-the,Platform
adventures-of-rocky-and-bullwinkle-and-friends-the,Platform
adventures-of-yogi-bear-[yogi-bears-cartoon-capers],Platform
aero-fighters,Shooters
aero-the-acro-bat,Platform
aero-the-acro-bat-2,Platform
aerobiz,Simulation
aerobiz-supersonic,Simulation
aging-cassette,Platform
air-cavalry,Shooters
akagawa-jirou-majo-tachi-no-nemuri,Adventure
akazukin-cha-cha,Platform
al-unser-jrs-road-to-the-top,Racing
aladdin,Platform
albert-odyssey,RPG
albert-odyssey-2-jashin-no-taidou,RPG
alcahest,RPG
alice-no-paint-adventure,Adventure
alien-3,Action
alien-vs-predator,Action
american-battle-dome,Fighting
american-gladiators,Sports
american-tail-an-fievel-goes-west,Platform
ancient-magic-bazoo-mahou-sekai,RPG
andre-agassi-tennis,Sports
angelique,Adventure
animaniacs,Platform
animaniacs-1995,Platform
aoki-densetsu-shoot,Sports
apocalypse-2,Action
appleseed-prometheus-no-shintaku,Shooters
arabian-nights-sabaku-no-seirei-ou,RPG
araiguma-rascal,Platform
arcana,RPG
archer-macleans-super-dropzone,Shooters
arcus-spirits,Action
ardy-lightfoot,Platform
aretha,RPG
aretha-2-ariel-no-fushigi-na-bouken,RPG
arkanoid-doh-it-again,Action
art-of-fighting,Fighting
aryol,Puzzle
asahi-shinbun-rensai-katou-hifumi-kudan-shogi-shingiryuu,Puzzle
asameshimae-nyanko,Fighting
ashita-no-joe,Fighting
asp-air-strike-patrol,Shooters
asterix,Platform
asterix-obelix,Platform
astrohawk,Shooters
axelay,Shooters
baby-t-rex,Platform
bahamut-lagoon,RPG
bakukyuu-renpatsu-super-b-daman,Platform
bakumatsu-kourinden-oni,RPG
bakutou-dodgers-bumps-shima-wa-oosawagi,Platform
ball-bullet-gun,Shooters
ballz-3d-fighting-at-its-ballziest,Fighting
barbarossa,Strategy
barbie-super-model,Platform
barbie-vacation-adventure,Adventure
barkley-shut-up-and-jam,Sports
bass-master-classic,Simulation
bass-masters-classic-pro-edition,Simulation
bassins-black-bass,Simulation
bastard-ankoku-no-hakaishin,Fighting
batman-forever,Action
batman-returns,Action
batman-revenge-of-the-joker,Action
battle-blaze,Fighting
battle-cars,Action
battle-cross,Racing
battle-dodgeball-ii,Sports
battle-dodgeball-toukyuu-daigekitotsu,Sports
battle-grand-prix,Racing
battle-jockey,Racing
battle-master-kyuukyoku-no-senshi-tachi,Fighting
battle-pinball,Action
battle-racers,Racing
battle-robot-retsuden,Strategy
battle-soccer-2,Sports
battle-soccer-field-no-hasha,Sports
battle-submarine,Strategy
battle-tycoon-flash-hiders-sfx,Fighting
battle-zeque-den,Fighting
battleclash,Shooters
battletoads-double-dragon-the-ultimate-team,Platform
battletoads-in-battlemaniacs,Platform
bazooka-blitzkrieg,Shooters
beauty-and-the-beast,Platform
beavis-and-butt-head,Adventure
bebes-kids,Action
beethoven-the-ultimate-canine-caper,Platform
benkei-gaiden-suna-no-shou,RPG
best-of-the-best-championship-karate,Fighting
big-sky-trooper,Platform
biker-mice-from-mars,Racing
bill-laimbeers-combat-basketball,Sports
bill-walsh-college-football,Sports
bing-bing-bingo,Simulation
bio-metal,Shooters
bioworm,Puzzle
bishin-densetsu-zoku,Racing
bishoujo-janshi-suchie-pai,Puzzle
bishoujo-senshi-sailor-moon,RPG
bishoujo-senshi-sailor-moon-another-story,RPG
bishoujo-senshi-sailor-moon-r,Fighting
bishoujo-senshi-sailor-moon-s-juugai-rantou-shuyaku-soudatsusen,Fighting
bishoujo-senshi-sailor-moon-s-kondo-wa-puzzle-de-oshioki-yo,Puzzle
bishoujo-senshi-sailor-moon-s-kurukkurin,Fighting
bishoujo-senshi-sailor-moon-super-s-fuwa-fuwa-panic,Puzzle
bishoujo-senshi-sailor-moon-super-s-zenin-sanka-shuyaku-soudatsusen,Fighting
bishoujo-wrestler-retsuden-blizzard-yuki-rannyuu,Fighting
blazeon-the-bio-cyborg-challenge,Shooters
block-kuzushi,Platform
blues-brothers-the,Platform
bob,Platform
bobbys-world,Platform
bomberman-b-daman,Action
bonkers,Platform
boogerman-a-pick-and-flick-adventure,Platform
bouncing-ball-trainer,Action
bounty-sword,RPG
boxing-legends-of-the-ring-[chavez-ii],Sports
brain-lord,RPG
brainies-the,Platform
bram-stokers-dracula,Platform
brandish,Action
brandish-2-the-planet-buster,RPG
brawl-brothers,Fighting
breakthru,Shooters
breath-of-fire,RPG
breath-of-fire-2,RPG
brett-hull-hockey,Sports
brett-hull-hockey-95,Simulation
bronkie-the-bronchiasaurus,Platform
brunswick-world-tournament-of-champions,Sports
brutal-paws-of-fury,Fighting
bs-bdash,Puzzle
bs-busters-digital-magazine,Action
bs-dan-dan-belt-conveyor-milk-no-maki,Platform
bs-do-re-mi,Platform
bs-dragon-quest,RPG
bs-nichibutsu-mahjong,Strategy
bs-nintama-rantarou-2,Action
bs-nintendo-hp-5-17,Simulation
bs-nintendo-hp-5-31,Simulation
bs-zelda,Adventure
bubsy-ii,Platform
bubsy-in-claws-encounters-of-the-furred-kind,Platform
bugs-bunny-in-rabbit-rampage,Platform
bugs-life-a,Platform
bulls-vs-blazers-and-the-nba-playoffs,Sports
burai-hachigyoku-no-yuushi-densetsu,RPG
bushi-seiryuuden-futari-no-yuusha,RPG
bust-a-move,Puzzle
cacoma-knight-in-bizyland,Platform
cal-ripken-jr-baseball,Sports
cannon-fodder,Shooters
cannondale-cup,Racing
capcoms-mvp-football,Sports
capcoms-soccer-shootout,Sports
captain-america-and-the-avengers,Fighting
captain-commando,Fighting
captain-novolin,Platform
captain-tsubasa-iii-koutei-no-chousen,Sports
captain-tsubasa-iv-pro-no-rival-tachi,Sports
captain-tsubasa-j-the-way-to-world-youth,Sports
captain-tsubasa-v-hasha-no-shougou-champion,Sports
caravan-shooting-collection,Shooters
carrier-aces,Simulation
casper,Action
casper-1997,Adventure
castlevania-dracula-x-[castlevania-vampires-kiss],Platform
cb-chara-wars-ushinawareta-gag,Fighting
champions-world-class-soccer,Sports
championship-pool,Sports
championship-soccer-94,Sports
chaos-seed-feng-shui-kairouki,RPG
cheap-de-gorgeous,Platform
chester-cheetah-too-cool-to-fool,Platform
chester-cheetah-wild-wild-quest,Platform
chinhai,Puzzle
choplifter-iii-rescue-survive,Shooters
chou-aniki-bakuretsu-rantou-hen,Fighting
chou-genjin-2,Platform
chou-mahou-tairiku-wozz,RPG
choujikuu-yousai-macross-scrambled-valkyrie,Shooters
christmas-craze,Platform
christmas-demo,Action
chrono-trigger,RPG
chrono-trigger-1995,RPG
chuck-rock,Platform
classic-road,Racing
classic-road-ii,Racing
clay-fighter,Fighting
cliffhanger,Fighting
clock-tower,Adventure
clockworks,Platform
clue,Strategy
college-football-usa-97-the-road-to-new-orleans,Sports
college-slam,Sports
columns,Puzzle
combatribes-the,Fighting
computer-nouryoku-kaiseki-ultra-baken,Racing
congo-the-movie-the-secret-of-zinj,Fighting
congos-caper,Action
contra-iii-the-alien-wars,Action
controller-test-cartridge,Action
conveni-wars-barcode-battler-senki-super-senshi-shutsugeki-seyo,Strategy
cool-spot,Platform
cool-world,Platform
corn-buster,Platform
coron-land,Platform
cosmo-gang-the-puzzle,Puzzle
cosmo-gang-the-video,Shooters
cosmo-police-galivan-ii-arrow-of-justice,Fighting
crayon-shin-chan-2-daimaou-no-gyakushuu,Platform
crayon-shin-chan-arashi-wo-yobu-enji,Action
crayon-shin-chan-nagagutsu-dobon,Adventure
crystal-beans-from-dungeon-explorer,RPG
cu-on-pa-sfc,Puzzle
cute-angela-great-journey,Platform
cutthroat-island,Platform
cyber-knight,RPG
cyber-knight-ii-chikyuu-teikoku-no-yabou,RPG
cyber-spin,Racing
cybernator,Shooters
cyborg-009,Action
d-force,Shooters
daffy-duck-the-marvin-missions,Platform
daibakushou-jinsei-gekijou,RPG
daikaijuu-monogatari,RPG
daikaijuu-monogatari-2,RPG
daisenryaku-expert,Strategy
daisenryaku-expert-wwii-war-in-europe,Strategy
darius-twin,Shooters
dark-half,Adventure
dark-kingdom,Action
dark-law-meaning-of-death,RPG
daruma-doujou,Puzzle
date-kimiko-no-virtual-tennis,Sports
david-cranes-amazing-tennis,Sports
daze-before-christmas,Platform
deae-tonosama-appare-ichiban,Action
dear-boys,Sports
death-and-return-of-superman-the,Action
death-brade,Fighting
dekitate-high-school,RPG
demolition-man,Action
demons-crest,Platform
dennis-the-menace,Platform
der-langrisser,Strategy
derby-jockey-2,Simulation
derby-jockey-kishou-he-no-michi,Racing
desert-strike-return-to-the-gulf,Shooters
dig-spike-volleyball,Sports
dino-dinis-soccer,Sports
dinocity,Platform
dirt-racer,Racing
dirt-trax-fx,Racing
do-re-mi-fantasy-milon-no-doki-doki-daibouken,Platform
dokapon-3-2-1-arashi-wo-yobu-yuujou,RPG
dolucky-no-aleague-soccer,Sports
dolucky-no-kusa-yakyu,Sports
dolucky-no-puzzle-tour-94,Puzzle
donald-duck-mahou-no-boushi,Platform
donkey-kong,Platform
donkey-kong-country,Platform
donkey-kong-country-2-diddys-kong-quest,Platform
donkey-kong-country-3-dixie-kongs-double-trouble,Platform
doom,Shooters
doom-troopers-the-mutant-chronicles,Action
doomsday-warrior,Fighting
doraemon-2-nobita-no-toys-land-daibouken,Platform
doraemon-3-nobita-to-toki-no-hougyoku,Platform
doraemon-4-nobita-to-tsuki-no-oukoku,Platform
doraemon-nobita-to-yousei-no-kuni,Platform
dorque-and-imp,Platform
dossun-ganseki-battle,Puzzle
double-dragon-v-the-shadow-falls,Fighting
doukyuusei-2,Adventure
down-the-world-mervils-ambition,RPG
dragon-ball-z-chou-gokuu-den-kakusei-hen,RPG
dragon-ball-z-chou-gokuu-den-totsugeki-hen,RPG
dragon-ball-z-hyper-dimension,Fighting
dragon-ball-z-rpg-super-saiya-densetsu,Fighting
dragon-ball-z-super-butouden,Fighting
dragon-ball-z-super-butouden-2,Fighting
dragon-ball-z-super-butouden-3,Fighting
dragon-knight-4,Strategy
dragon-quest-i-ii,RPG
dragon-quest-iii-and-into-the-legend,RPG
dragon-quest-v-hand-of-the-heavenly-bride,RPG
dragon-quest-vi-realms-of-reverie,RPG
dragon-slayer-eiyuu-densetsu,RPG
dragon-slayer-eiyuu-densetsu-ii,RPG
dragon-the-bruce-lee-story,Fighting
dragon-view,RPG
dragons-earth,RPG
dragons-lair,Platform
drakkhen,RPG
dream-basketball-dunk-hoop,Sports
dream-tv,Platform
drift-king-shutokou-battle-2,Racing
dual-orb-ii,RPG
dual-orb-seireiju-densetsu,RPG
dun-quest-majin-fuuin-no-densetsu,RPG
dungeon-master,RPG
dynamaite-the-lasvegas,RPG
dynamitracer,RPG
earth-defense-force,Shooters
earth-light,Shooters
earth-light-luna-strike,Strategy
earthworm-jim,Platform
earthworm-jim-2,Action
edo-no-kiba,Action
eek-the-cat,Platform
eien-no-filena,RPG
elfaria-a-fantastic-theater,RPG
elfaria-ii-the-quest-of-the-meld,RPG
elite-soccer,Sports
emerald-dragon,RPG
emmitt-smith-football,Sports
energy-breaker,RPG
equinox,Adventure
esparks-ijikuu-kara-no-raihousha,RPG
espn-baseball-tonight,Sports
espn-national-hockey-night,Sports
espn-speed-world,Racing
espn-sunday-night-nfl,Simulation
eurit,Action
evo-search-for-eden,Action
excitebike-bun-bun-mario-battle-stadium,Racing
extra-innings,Sports
f-1-grand-prix,Racing
f-1-grand-prix-part-ii,Racing
f-1-grand-prix-part-iii,Racing
f-1-roc-ii-race-of-champions,Racing
f-1-roc-race-of-champions,Racing
f-zero,Racing
f1-pole-position,Racing
f1-pole-position-2,Racing
f1-world-championship-edition,Racing
faceball-2000,Shooters
famicom-tantei-club-2-ushiro-ni-tatsu-shoujo,Adventure
family-dog,Platform
family-feud,Puzzle
farland-story,RPG
farland-story-2,RPG
fatal-fury,Fighting
fatal-fury-2,Fighting
fatal-fury-special,Fighting
fifa-soccer-96,Sports
fifa-soccer-97,Sports
fifa-soccer-97-1996,Sports
fifa-soccer-98-road-to-world-cup,Sports
fighters-history,Fighting
fighters-history-mizoguchi-kiki-ippatsu,Fighting
final-fantasy-iv,RPG
final-fantasy-mystic-quest-[mystic-quest-legend],RPG
final-fantasy-v,RPG
final-fantasy-vi,RPG
final-fight,Action
final-fight-2,Fighting
final-fight-3,Fighting
final-stretch,Racing
finalset,Sports
fire-emblem-monshou-no-nazo,Strategy
fire-emblem-seisen-no-keifu,Strategy
fire-emblem-thracia-776,Strategy
fire-pro-joshi-all-star-dream-slam,Simulation
firearm,Shooters
firemen-the,Action
firepower-2000,Shooters
firestriker,Action
fireteam-rogue,Platform
first-queen-ornic-senki,RPG
first-samurai,Action
flashback-the-quest-for-identity,Platform
flintstones-the,Platform
flintstones-the-treasure-of-sierra-madrock,Platform
flying-hero-bugyuruu-no-daibouken,Shooters
football-fury,Sports
foreman-for-real,Fighting
frantic-flea,Platform
frogger,Platform
frognes,Platform
front-mission,Strategy
front-mission-gun-hazard,Shooters
full-throttle-all-american-racing,Racing
fun-n-games,Action
fushigi-no-dungeon-torneko-no-daibouken,RPG
gakkou-de-atta-kowai-hanashi,Adventure
gal-kan-bazooka-dai-5-kan,Racing
galaxy-robo,Action
galaxy-wars,Shooters
gamars-copier,Simulation
gamble-hourouki,Shooters
gambler-jiko-chuushinha-2-dorapon-quest,Puzzle
game-genie,Action
game-no-tetsujin-the-shanghai,Puzzle
gamera-gyaos-gekimetsu-sakusen,Shooters
gan-gan-ganchan,Platform
ganbare-daiku-no-gen-san,Platform
ganbare-goemon-2-kiteretsu-shougun-magginesu,Action
ganbare-goemon-3-shishi-juurokubee-no-karakuri-manjigatame,Action
ganbare-goemon-4-kirakira-douchuu-boku-ga-dancer-ni-natta-riyuu,Action
ganso-pachinko-ou,Simulation
garry-kitchens-super-battletank-war-in-the-gulf,Simulation
gd-leen,RPG
gegege-no-kitaro-fukkatsu-tenma-daiou,Action
gekisou-sentai-car-rangers-zenkai-racer-senshi,Platform
gekitotsu-dangan-jidousha-kessen-battle-mobile,Shooters
gekitou-burning-prowrestling,Fighting
gemfire,Strategy
genghis-khan-ii-clan-of-the-grey-wolf,Strategy
genjuu-ryodan,Strategy
genocide-2,Shooters
george-foremans-ko-boxing,Sports
get-in-the-hole,Sports
getsumen-no-anubis,Adventure
ghost-chaser-densei,Fighting
ghost-sweeper-mikami-joreishi-wa-nice-body,Action
ghoul-patrol,Action
ginga-eiyuu-densetsu,Strategy
ginga-sengoku-gunyuuden-rai,Strategy
gionbana,RPG
go-go-ackman,Platform
go-go-ackman-2,Platform
go-go-ackman-3,Platform
go-go-dodge-league,Sports
goal-[super-goal-],Sports
god-mezameyo-to-yobu-koe-ha-kikoe,Action
gods,Platform
godzilla-kaijuu-daikessen,Fighting
gokinjo-bouken-tai,RPG
gokujou-parodius,Shooters
golf-daisuki-ob-club,Sports
gon,Platform
goods-press-gatsu-gou-3,RPG
goods-press-gatsu-gou-7,RPG
goof-troop,Action
gourmet-sentai-bara-yarou,Fighting
gp-1,Racing
gp-1-part-ii,Racing
gradius-iii,Shooters
granhistoria-genshi-sekaiki,RPG
great-battle-gaiden-2-the-matsuri-da-wasshoi,Puzzle
great-battle-ii-the-last-fighter-twin,Shooters
great-battle-iii-the,Action
great-battle-iv-the,Strategy
great-battle-v-the,Action
great-circus-mystery-starring-mickey-minnie-the,Platform
gt-racing,Racing
gunforce,Shooters
gunple-strange-world-gunmans-proof,Shooters
habu-meijin-no-omoshiro-shougi,Strategy
hagane-the-final-conflict,Action
haisei-mahjong-ryouga,Puzzle
hajimari-no-mori,RPG
hakunetsu-professional-baseball-94-ganba-league-3,Sports
hakunetsu-professional-baseball-ganba-league-93,Sports
hals-hole-in-one-golf,Sports
hameln-no-violin-hiki,Platform
hana-no-keiji-kumo-no-kanata-ni,Fighting
hanafuda-ou,Strategy
hanjuku-eiyuu-aa-sekai-yo-hanjuku-nare,RPG
hanna-barberas-turbo-toons,Platform
hardball-iii,Sports
harleys-humongous-adventure,Platform
harvest-moon,Simulation
hashire-hebereke,Platform
hat-trick-hero-2,Sports
hatayama-hacchi-no-pro-yakyuu-news-jitsumeiban,Sports
hayazashi-nidan-morita-shougi,Strategy
head-on-soccer,Sports
hebereke-no-oishii-puzzle-wa-irimasen-ka,Platform
hebereke-no-popun,Platform
heberekes-popoitto,Puzzle
heian-fuunden-the,RPG
heisei-gunjin-shougi,Sports
heisei-inu-monogatari-bow-pop-n-smash,Platform
heisei-shin-onigashima,Adventure
herakles-no-eikou-iii-kamigami-no-chinmoku,RPG
herakles-no-eikou-iv-kamigami-kara-no-okurimono,Adventure
hercules,Action
hero-senki-project-olympus,RPG
hi-no-ouji-yamato-takeru,RPG
hiouden-mamono-tachi-to-no-chikai,RPG
hissatsu-pachinko-collection,Action
hisshou-777-fighter-ii-pachi-slot-hi-jouhou,Simulation
hisshou-777-fighter-iii-kokuryuuou-no-fukkatsu,Fighting
hisshou-777-fighter-pachi-slot-ryuuguu-densetsu,Simulation
hisshou-pachi-slot-fan,Simulation
hit-the-ice,Sports
hokuto-no-ken-5-tenma-ryuuseiden-ai-zesshou,Fighting
hokuto-no-ken-6-gekitou-denshouken-haou-he-no-michi,Fighting
hokuto-no-ken-7-seiken-retsuden-denshousha-he-no-michi,Fighting
holy-umbrella-dondera-no-mubou,Platform
home-alone,Action
home-alone-2-lost-in-new-york,Action
home-improvement-power-tool-pursuit,Platform
hong-kong-97,Shooters
honkaku-mahjong-tetsuman,Puzzle
honkaku-shougi-fuuunji-ryuuou,Strategy
honkakuha-igo-gosei,Strategy
honkakuha-taikyoku-shougi-shougi-club,Strategy
honke-hanafuda,Puzzle
honke-sankyo-fever-jikki-simulation-2,Simulation
honke-sankyo-fever-jikki-simulation-3,Simulation
honoo-no-toukyuuji-dodge-danpei,Sports
hook,Platform
hourai-gakuen-no-bouken-tenkousei-scramble,Platform
human-grand-prix-iii-f1-triple-battle,Racing
human-grand-prix-iv-f1-dream-battle,Racing
humans-the,Platform
hunchback-of-notre-dame,Platform
hungry-dinosaurs,Platform
hunt-for-red-october-the,Simulation
hurricanes,Platform
hurricanes-trainer,Platform
hyper-iria,Platform
hyper-v-ball,Sports
hyperzone,Shooters
hysteria,Shooters
idea-no-hi,RPG
ignition-factor-the,Platform
igo-club,Strategy
ihatov-monogatari,Adventure
illusion-of-gaia-[illusion-of-time],RPG
illvanian-no-shiro,RPG
imperium,Shooters
inazuma-serve-da-super-beach-volley,Sports
incantation,Platform
incredible-hulk-the,Action
indiana-jones-greatest-adventures,Platform
inindo-way-of-the-ninja,RPG
inspector-gadget,Platform
international-superstar-soccer,Sports
international-superstar-soccer-deluxe,Sports
international-tennis-tour,Sports
ippatsu-gyakuten-keiba-keirin-kyoutei,Racing
iron-commando-kotetsu-no-senshi,Action
itadaki-street-2-neon-sign-ha-barairo-ni,Simulation
itchy-scratchy-game-the,Platform
itou-hatasu-rokudan-no-shougi-doujou,Strategy
izzys-quest-for-the-olympic-rings,Platform
jack-nicklaus-golf,Sports
jaleco-rally-big-run-the-supreme-4wd-challenge,Racing
james-pond-3-operation-starfish,Platform
jammes,Platform
jammit,Sports
janyuuki-gokuu-randa,RPG
jelly-boy,Platform
jelly-boy-2,Platform
jeopardy,Puzzle
jetsons-the-invasion-of-the-planet-pirates,Platform
jikkyou-oshaberi-parodius-forever-with-me,Shooters
jikkyou-powerful-pro-yakyuu-3,Sports
jikkyou-powerful-pro-yakyuu-94,Sports
jim-lees-wild-cats-covert-action-teams,Action
jim-power-the-lost-dimension-in-3d,Platform
jimmy-connors-pro-tennis-tour,Sports
jissen-kyoutei,Racing
jissen-mahjong-shinan,Puzzle
jissen-pachi-slot-hisshouhou,Simulation
jissen-pachi-slot-hisshouhou-2,Simulation
jissen-pachi-slot-hisshouhou-classic,Simulation
jissen-pachi-slot-hisshouhou-twin,Simulation
jissen-pachi-slot-hisshouhou-twin-2,Simulation
jissen-pachi-slot-hisshouhou-yamasa-densetsu,Simulation
jissen-pachinko-hisshouhou-2,Simulation
jleague-excite-stage-95,Sports
jleague-soccer-prime-goal,Sports
jleague-soccer-prime-goal-2,Sports
jleague-super-soccer-95-jikkyou-stadium,Sports
joe-mac-2-lost-in-the-tropics,Platform
joe-mac-caveman-ninja,Platform
john-madden-football,Sports
john-madden-football-93-1992,Sports
jojo-no-kimyou-na-bouken,Action
judge-dredd,Shooters
jumpin-derby,Sports
jungle-book-the,Platform
jungle-no-ouja-tar-chan-sekai-manyuu-dai-kakutou-no-maki,Fighting
jungle-strike,Shooters
jungle-wars-2-kodai-mahou-atimos-no-nazo,Simulation
jurassic-park,Adventure
jurassic-park-part-2-the-chaos-continues,Action
justice-league-task-force,Fighting
jutei-senki,Strategy
jwp-joshi-pro-wres-pure-wrestle-queens,Fighting
ka-blooey,Puzzle
kabuki-chou-reach-mahjong-toupuusen,Puzzle
kabuki-rocks,RPG
kaite-tsukutte-asoberu-dezaemon,Shooters
kaizou-chounin-shubibinman-zero,Action
kakinoki-shougi,Strategy
kamaitachi-no-yoru,Adventure
kamen-rider,Action
kamen-rider-sd-shutsugeki-rider-machine,Action
katou-hifumi-kudan-shougi-club,Strategy
kats-run-zen-nihon-k-car-senshuken,Racing
kawa-no-nushi-tsuri-2,Simulation
kawasaki-carribean-challenge,Racing
kawasaki-superbike-challenge,Racing
keeper,Fighting
keiba-eight-special-2,Simulation
keiba-yosou-baken-renkinjutsu,Simulation
ken-griffey-jr-presents-major-league-baseball,Sports
ken-griffey-jrs-winning-run,Sports
kendo-rage,Action
kenyuu-densetsu-yaiba,RPG
kero-kero-keroppi-no-bouken-nikki-nemureru-mori-no-keroriinu,Platform
kevin-keegans-player-manager,Sports
kick-off,Sports
kick-off-3-european-challenge,Sports
kid-klown-in-crazy-chase,Platform
kidou-butouden-g-gundam,Fighting
kidou-keisatsu-patlabor,Action
kidou-senshi-gundam-cross-dimension-0079,Strategy
kidou-senshi-gundam-f91-formula-senki-0122,RPG
kidou-senshi-v-gundam,Shooters
kidou-senshi-z-gundam-away-to-the-newtype,Strategy
kikou-keisatsu-metal-jack,Action
kikuni-masahiko-no-jantoushi-dora-ou,Shooters
killer-instinct,Fighting
kindai-mahjong-special,Puzzle
king-arthur-the-knights-of-justice,Adventure
king-arthurs-world,Platform
king-of-dragons-the-capcom,Action
king-of-rally-the,Racing
king-of-the-monsters,Fighting
king-of-the-monsters-2,Fighting
kingyo-chuuihou-tobidase-game-gakuen,Sports
kinnikuman-dirty-challenger,Fighting
kirby-no-kira-kira-kids,Puzzle
kirby-no-omocha-hako-baseball,Action
kirby-no-omocha-hako-hoshi-kuzushi,Platform
kirby-super-star-[kirbys-fun-pak],Platform
kirbys-avalanche-[kirbys-ghost-trap],Platform
kirbys-dream-course,Platform
kirbys-dream-land-3,Platform
kishin-douji-zenki-battle-raiden,Action
kishin-douji-zenki-denei-raibu,Action
kishin-douji-zenki-tenchi-meidou,RPG
kishin-kourinden-oni,RPG
knights-of-the-round,Action
koi-ha-balance-battle-of-lovers,Fighting
kouryuu-densetsu-villgust-kieta-shoujo,RPG
kouryuu-no-mimi,Fighting
koushien-2,Sports
koushien-3,Sports
koutetsu-no-kishi-3-gekitou-europe-sensen,Fighting
krustys-super-fun-house,Platform
kunio-kun-no-dodgeball-dayo-zenin-shuugou,Fighting
kunio-no-oden,Puzzle
kuusou-kagaku-sekai-gulliver-boy,Action
kyle-pettys-no-fear-racing,Racing
kyoraku-sanyo-maruhon-parlor-parlor-5,Fighting
kyoraku-sanyo-toyomaru-daiichi-maruhon-parlor-parlor-2,Action
kyoraku-sanyo-toyomaru-okumura-daiichi-maruhon-parlor-parlor-4-cr,Platform
kyoraku-sanyo-toyomaru-okumura-taiyou-parlor-parlor-3,Fighting
kyoraku-sanyo-toyomaru-parlor-parlor,Action
kyuuyaku-megami-tensei,RPG
lady-stalker-kako-kara-no-chousen,RPG
lagoon,Action
lamborghini-american-challenge,Racing
laplace-no-ma,RPG
last-action-hero,Action
last-battle-the,Fighting
last-bible-iii,RPG
lawnmower-man-the,Action
leading-company,Strategy
legend,RPG
legend-of-the-mystical-ninja-the,Action
legend-of-zelda-the-a-link-to-the-past,Action
lemmings,Puzzle
lemmings-2-the-tribes,Puzzle
lennus-ii-fuuin-no-shito,RPG
lester-the-unlikely,Platform
lethal-enforcers,Shooters
lethal-weapon,Platform
libble-rabble,Platform
liberty-or-death,Adventure
light-fantasy,RPG
light-fantasy-2,RPG
lion-king-the,Platform
little-magic,Platform
little-master-nijiiro-no-maseki,RPG
live-a-live,Fighting
lock-on,Simulation
lode-runner-twin-justy-to-liberty-no-daibouken,Platform
lodoss-tou-senki,RPG
logos-panic-goaisatsu,Puzzle
looney-tunes-b-ball,Sports
lord-monarch,Strategy
lord-of-darkness,RPG
love-quest,RPG
lucky-luke,Platform
lufia-ii-rise-of-the-sinistrals-[lufia],RPG
lufia-ii-rise-of-the-sinistrals-[lufia]-1994,RPG
lufia-the-fortress-of-doom,RPG
lupin-iii-densetsu-no-hihou-wo-oe,Platform
madden-97,Sports
madden-nfl-94,Simulation
madden-nfl-95,Sports
madden-nfl-96,Sports
madden-nfl-97,Simulation
madden-nfl-98,Sports
madou-monogatari-hanamaru-daiyouchienji,RPG
maerchen-adventure-cotton-100,Platform
magic-boy,Platform
magic-knight-rayearth,RPG
magic-sword,RPG
magical-drop,Puzzle
magical-drop-2,Puzzle
magical-pop-n,Platform
magical-quest-the-starring-mickey-mouse,Platform
magical-taruruuto-kun-magic-adventure,Platform
magna-braban-henreki-no-yuusha,RPG
mahjong-club,Puzzle
mahjong-gokuu-tenjiku,Puzzle
mahjong-taikai-ii,Puzzle
mahjong-touhaiden-the,Puzzle
mahou-poi-poi-poitto,Puzzle
mahoujin-guru-guru,RPG
mahoujin-guru-guru-2,RPG
majin-tensei,Strategy
majin-tensei-ii-spiral-nemesis,RPG
majuuou,Action
maka-maka,RPG
makeruna-makendou-2-kimero-youkai-souri-daijin,Fighting
manchester-united-championship-soccer,Sports
mario-is-missing,Puzzle
mario-paint,Simulation
mario-wario,Puzzle
marios-time-machine,Platform
mark-davis-the-fishing-master,Simulation
markos-magic-football,Platform
marvel-super-heroes-in-war-of-the-gems,Action
marvelous-mou-hitotsu-no-takarajima,RPG
mary-shelleys-frankenstein,Adventure
masakatsu-funaki-hybrid-wrestler,Fighting
masaki-shimono-no-fishing-to-bassing,Simulation
masaki-takemiya-kudan-no-igo-taishou,Strategy
mask-the,Platform
maten-densetsu-senritsu-no-ooparts,RPG
math-blaster-episode-one,Puzzle
matsumura-kunihiro-den-saikyou-no-rekishi-wo-nurikaeru,Platform
maui-mallard-in-cold-shadow,Platform
mazinger-z,Action
mecarobot-golf,Sports
mechwarrior,Simulation
mechwarrior-3050,Simulation
mega-lo-mania,Strategy
mega-man-7,Platform
mega-man-soccer,Sports
mega-man-x,Action
mega-man-x2,Platform
mega-man-x3,Action
melfand-stories,RPG
metal-combat-falcons-revenge,Shooters
metal-marines,Strategy
metal-max-2,RPG
metal-max-returns,RPG
metal-morph,Platform
metal-slader-glory-directors-cut,Adventure
metal-warriors,Action
michael-jordan-chaos-in-the-windy-city,Platform
mick-mack-as-the-global-gladiators,Platform
mickey-mania-the-timeless-adventures-of-mickey-mouse,Platform
mickey-no-tokyo-disneyland-daibouken,Platform
mickey-to-donald-magical-adventure-3,Platform
mickeys-ultimate-challenge,Platform
micro-machines,Racing
micro-machines-2-turbo-tournament,Racing
might-and-magic-book-ii,RPG
might-and-magic-ii,RPG
might-and-magic-iii-isles-of-terra,RPG
mighty-max,Platform
mighty-morphin-power-rangers,Fighting
mighty-morphin-power-rangers-the-fighting-edition,Fighting
mighty-morphin-power-rangers-the-movie,Action
milandra,RPG
mini-yonku-shining-scorpion-lets-go,Racing
miracle-casino-paradise,Puzzle
miracle-girls,Action
modular-escape,Puzzle
mohawk-headphone-jack,Platform
momotarou-dentetsu-happy,RPG
monopoly,Strategy
monopoly-1993,Strategy
monopoly-game-2-the,Strategy
monstania,RPG
monster-maker-iii-hikari-no-majutsushi,Action
mortal-kombat,Fighting
mortal-kombat-2,Fighting
mortal-kombat-3,Fighting
motoko-chan-no-wonder-kitchen,Adventure
mouryou-senki-madara-2,RPG
mr-do,Platform
mr-nutz,Platform
mr-tuff,Platform
ms-pac-man,Puzzle
mulan,Platform
multi-play-volleyball,Sports
multi-purpose-arcade-combat-simulator-basic-rifle-marksmanship,Shooters
musya-the-classic-japanese-tale-of-horror,Action
mystery-circle,Puzzle
mystic-ark,RPG
n-warp-daisakusen,RPG
nage-libre-seijaku-no-suishin,Strategy
nakajima-satoru-kanshuu-f-1-hero-94,Racing
nakajima-satoru-kanshuu-super-f-1-hero,Racing
naki-no-ryuu-mahjong-hishouden,Puzzle
nangoku-shounen-papuwa-kun,Action
naruhodo-the-world,Puzzle
natsuki-crisis-battle,Fighting
natsume-championship-wrestling,Fighting
naxat-super-pinball-jaki-hakai,Simulation
nba-all-star-challenge,Sports
nba-give-n-go,Sports
nba-hangtime,Sports
nba-jam,Sports
nba-jam-tournament-edition,Sports
nba-live-97,Sports
nba-live-98,Sports
ncaa-basketball-[world-league-basketball],Sports
ncaa-final-four-basketball,Sports
ncaa-football,Sports
nekketsu-beach-volley-dayo-kunio-kun,Sports
nekketsu-tairiku-burning-heroes,RPG
network-q-rally,Racing
neugier-umi-to-kaze-no-koudou,Adventure
new-yattaaman-nanndai-kanndai-yajirobe,Platform
newman-haas-indycar-featuring-nigel-mansell,Racing
nfl-football,Sports
nfl-quarterback-club,Simulation
nfl-quarterback-club-96,Simulation
nhl-stanley-cup,Sports
nice-de-shot,Shooters
nichibutsu-arcade-classics,Shooters
nichibutsu-arcade-classics-2-heiankyo-alien,Platform
nickelodeon-guts,Sports
nigel-mansells-world-championship-racing,Racing
nightmare-busters,Action
ninja-gaiden-trilogy,Action
ninja-warriors-the-[ninja-warriors-the-new-generation],Action
nintama-rantarou,Platform
nintama-rantarou-2,Platform
nintendo-power-menu-program,Simulation
no-escape,Action
nobunaga-kouki,Strategy
nobunaga-no-yabou-haouden,Strategy
nobunaga-no-yabou-tenshouki,Strategy
nobunagas-ambition,Strategy
nolan-ryans-baseball,Sports
nontan-to-issho-kuru-kuru-puzzle,Platform
nosferatu,Platform
numbers-paradise,Action
o-chan-no-oekaki-logic,Puzzle
obitus,Adventure
oda-nobunaga-haou-no-gundan,Strategy
oekaki-logic,Puzzle
ogre-battle-the-march-of-the-black-queen,Strategy
olivias-mystery,Platform
olympic-summer-games-atlanta-1996,Sports
olympic-summer-games-atlanta-1996-1996,Sports
on-the-ball,Simulation
ongaku-tsukuru-kanadeeru,Simulation
onita-atsushi-fmw,Fighting
onizuka-katsuya-super-virtual-boxing,Sports
operation-europe-path-to-victory-1939-45,Strategy
operation-logic-bomb,Action
operation-thunderbolt,Shooters
oraga-land-shusai-best-farmer-senyuken,Sports
oscar,Platform
osu-karatebu,Fighting
othello-world,Puzzle
otoboke-ninja-colosseum,Platform
otogirisou,Adventure
out-to-lunch,Platform
outlander,Action
ozumou-damashii,Sports
pac-attack,Action
pac-in-time,Platform
pac-man-2-the-new-adventures,Action
pachinko-fan-2,Simulation
pachinko-maruhi-hisshouhou,Action
pachinko-renchan-tengoku-super-cr-special,Simulation
pacific-theater-of-operations,Strategy
pacific-theater-of-operations-ii,Strategy
packy-marlon,Adventure
pagemaster-the,Platform
paladins-quest,RPG
panic-in-nakayoshi-world,Action
parlor-mini-series,Action
parodius-non-sense-fantasy,Shooters
peace-keepers-the,Fighting
pebble-beach-golf-links,Sports
pga-european-tour,Sports
pga-tour-96,Sports
pga-tour-golf,Sports
phalanx-the-enforce-fighter-a-144,Shooters
phantom-2040,Adventure
pieces,Platform
pikiinya,Puzzle
pilotwings,Simulation
pink-goes-to-hollywood,Platform
pinocchio,Platform
pipe-dream,Puzzle
pirates-of-dark-water-the,Fighting
pitfall-the-mayan-adventure,Platform
plok,Platform
pocahontas,Platform
pocky-rocky,Shooters
pocky-rocky-2,Action
poi-poi-ninja-world,Platform
pokekame-magazine,Racing
poko-nyan-henpokorin-adventure,Platform
poko-nyan-yume-no-daibouken,Action
pop-n-twinbee,Shooters
popeye-ijiwaru-majo-seahag-no-maki,Platform
popful-mail,Platform
populous,Strategy
populous-ii-trials-of-the-olympian-gods,Strategy
porky-pigs-haunted-holiday,Platform
power-drive,Racing
power-instinct,Fighting
power-lode-runner,Platform
power-moves,Fighting
power-of-the-hired,RPG
power-piggs-of-the-dark-ages,Platform
power-rangers-zeo-battle-racers,Racing
power-slide-ects-demo,Racing
powermonger,Strategy
prehistorik-man,Platform
primal-rage,Fighting
prime,Sports
prince-of-persia,Platform
prince-of-persia-2-the-shadow-the-flame,Platform
princess-minerva,RPG
pro-mahjong-kiwame,Strategy
pro-mahjong-kiwame-gb,Puzzle
pro-mahjong-kiwame-ii,Strategy
pro-mahjong-kiwame-iii,Puzzle
pro-quarterback,Sports
pro-sport-hockey,Sports
pro-yakyuu-nettou-puzzle-stadium,Puzzle
psycho-dream,Platform
push-over,Platform
putty-squad,Platform
puzzle-n-desu,Puzzle
puzzle-nintama-rantarou-ninjutsu-gakuen-puzzle-no-maki,Puzzle
q-bert-3,Platform
r-type-iii,Shooters
race-drivin,Racing
radical-dreamers,RPG
radical-psycho-machine-racing,Racing
radical-rex,Platform
raiden-trad,Shooters
rampart,Strategy
ranma-1-2-akanekodan-teki-no-hihou,RPG
ranma-1-2-hard-battle,Fighting
ranma-1-2-ougi-jaanken,Fighting
rap-basketball,Sports
rapjam-volume-one,Sports
realm,Platform
redline-f-1-racer,Racing
rejoice-aretha-oukoku-no-kanata,RPG
ren-stimpy-show-the-buckeroo,Platform
ren-stimpy-show-the-fire-dogs,Platform
ren-stimpy-show-the-time-warp,Platform
rendering-ranger-r2,Shooters
revolution-x,Shooters
rex-ronan-experimental-surgeon,Action
rhi-roller-hockey-95,Sports
riddick-bowe-boxing,Sports
rise-of-the-phoenix,Strategy
rise-of-the-robots,Fighting
rival-turf,Fighting
riverse-kids,Puzzle
road-riot-4wd,Racing
road-runners-death-valley-rally,Platform
robocop-3,Shooters
robocop-versus-the-terminator,Shooters
robotrek,RPG
rock-n-roll-racing,Racing
rocketeer-the,Shooters
rockfall,Platform
rockman-forte,Platform
rockos-modern-life-spunkys-dangerous-day,Platform
rocky-rodent,Platform
roger-clemens-mvp-baseball,Sports
rokudenashi-blues-taiketsu-tokyo-shitennou,Fighting
romance-of-the-three-kingdoms-ii,Strategy
romance-of-the-three-kingdoms-iii-dragon-of-destiny,Strategy
romance-of-the-three-kingdoms-iv-wall-of-fire,Strategy
romancing-saga,RPG
romancing-saga-2,RPG
romancing-saga-3,RPG
rpg-tsukuru-2,RPG
rpg-tsukuru-super-dante,RPG
rudra-no-hihou,RPG
ruin-arm,RPG
run-saber,Action
ryuukihei-dan-danzarubu,Platform
ryuuko-no-ken-2,Fighting
saibara-reiko-no-mahjong-hourouki,Platform
saikousoku-shikou-shogi-mahjong,Puzzle
saikyo-takada-nobuhiko,Fighting
same-game-tsume-game,Action
samsara-naga-2,Platform
samurai-shodown,Fighting
sangokushi-eiketsuden,RPG
sangokushi-seishi-tenbu-spirits,RPG
sankyo-fever-fever,Action
sanrio-shanghai,Puzzle
sanrio-world-smash-ball,Action
sargeant-saunders-combat,Strategy
satellaview-bs-x,Shooters
satesupudx-4,Adventure
saturday-night-slam-masters,Fighting
scooby-doo-mystery,Adventure
sd-f-1-grand-prix,Racing
sd-gundam-gaiden-2-entaku-no-kishi,RPG
sd-gundam-gaiden-knight-gundam-monogatari-ooinaru-isan,Platform
sd-gundam-gnext,Shooters
sd-gundam-gx,Shooters
sd-gundam-power-formation-puzzle,Puzzle
sd-gundam-x-super-gachapon-world,Strategy
sd-hiryuu-no-ken,Fighting
sd-kidou-senshi-gundam-2,Shooters
sd-kidou-senshi-gundam-v-sakusen-shidou,Shooters
sd-the-great-battle-arutanaru-chousen,Shooters
sd-ultra-battle-seven-densetsu-ultraman-densetsu,Action
seaquest-dsv,Strategy
secret-of-evermore,RPG
secret-of-mana,RPG
seifuku-densetsu-pretty-fighter,Fighting
seijuu-maden-beasts-blades,RPG
seiken-densetsu-3,RPG
sengoku-denshou,Fighting
sengoku-no-hasha-tenka-fubu-he-no-michi,Strategy
shadow-of-the-beast,Platform
shadow-the,Fighting
shadowrun,RPG
shanghai-banri-no-choujou,Puzzle
shanghai-ii-dragons-eye,Puzzle
shanghai-iii,Puzzle
shaq-fu,Fighting
shiens-revenge,Shooters
shigesato-itoi-no-bass-tsuri-no1,Simulation
shigetaka-kashiwagi-no-top-water-bassing,Sports
shijou-saikyou-league-serie-a-ace-striker,Sports
shijou-saikyou-no-quiz-ou-kettei-sen-super,Puzzle
shiki-eiyuuden-jinryuu-densetsu,Action
shin-ikkaku-senkin,Racing
shin-kidou-senki-gundam-w-endless-duel,Fighting
shin-megami-tensei,RPG
shin-megami-tensei-if,RPG
shin-megami-tensei-ii,RPG
shin-momotarou-densetsu,RPG
shin-naki-no-ryuu-mahjong-hishouden,Puzzle
shin-nekketsu-kouha-kunio-tachi-no-banka,Fighting
shin-nihon-pro-wrestling-94-battlefield-in-tokyo-dome,Sports
shin-nihon-pro-wrestling-chou-senshi-in-tokyo-dome,Fighting
shin-sd-sengokuden-daishougun-retsuden,Strategy
shin-seikoku-la-wares,RPG
shin-shougi-club,Strategy
shinri-game-2-the-magical-trip,RPG
shinri-game-3-the,RPG
shinri-game-the-akuma-no-kokoroji,Adventure
shinseiki-odysselya,RPG
shinseiki-odysselya-ii,RPG
shinzui-taikyoku-igo-go-sennin,Strategy
shiroi-ring-he-twinkle-little-star,Simulation
shodai-nekketsu-kouha-kunio-kun,Fighting
shodan-morita-shougi,Strategy
shodankurai-nintei-shodan-pro-mahjong,Puzzle
shoot-your-load,Shooters
shougi-fuurinkazan,Strategy
shougi-saikyou,Strategy
shounen-ashibe-goma-chan-no-yuuenchi-daibouken,Platform
shounen-ninja-sasuke,Fighting
shounin-yo-taishi-o-idake,Adventure
sid-meiers-civilization,Strategy
side-pocket,Sports
silva-saga-ii,RPG
simant,Simulation
simcity,Simulation
simearth-the-living-planet,Simulation
simpsons-the-barts-nightmare,Platform
skipp-and-friends,Platform
skuljagger-revolt-of-the-westicans,Platform
skyblazer,Platform
slam-dunk-2-ih-yosen-kanzenban,Sports
slam-dunk-sd-heat-up,Sports
slam-dunk-yonkyo-taiketsu,Sports
slayers,RPG
small-soldiers,Platform
smartball,Platform
smurfs-2-the,Platform
smurfs-the,Platform
snes-burn-in-test-cart,Platform
snes-test-program,Action
snoopy-concert,Platform
snow-white-in-happily-ever-after,Platform
soldiers-of-fortune,Shooters
solid-runner,RPG
song-master,Fighting
sonic-blast-man,Fighting
sonic-blast-man-ii,Fighting
soreyuke-ebisumaru-karakuri-meiro-kieta-goemon-no-nazo,Puzzle
sos,Shooters
sos-sink-or-swim,Platform
sotsugyou-bangai-hen-nee-mahjong-shiyo,Puzzle
sougou-kakutougi-astral-bout,Fighting
sougou-kakutougi-astral-bout-2-the-total-fighters,Fighting
sougou-kakutougi-rings-astral-bout-3,Fighting
soukou-kihei-votoms-the-battling-road,Shooters
soul-blade,Fighting
soul-blazer,RPG
soul-sword,RPG
sound-novel-tsukuru,Adventure
space-ace,Action
space-football-one-on-one,Shooters
space-invaders,Shooters
space-invaders-1994,Shooters
space-megaforce,Shooters
spankys-quest,Platform
spark-world,Shooters
sparkster,Platform
spawn-the-video-game,Action
special-tee-shot,Sports
spectre,Platform
speed-racer-in-my-most-dangerous-adventures,Racing
speedy-gonzalez-in-los-gatos-banditos,Platform
spellcraft,RPG
spider-man,Platform
spider-man-and-the-x-men-in-arcades-revenge,Platform
spider-man-lethal-foes,Platform
spider-man-venom-maximum-carnage,Action
spider-man-venom-separation-anxiety,Fighting
spindizzy-worlds,Puzzle
spirou,Platform
sporting-news-power-baseball-the,Sports
sports-illustrated-championship-football-baseball,Sports
spriggan-powered,Shooters
st-andrews-eikou-to-rekishi-no-old-course,Simulation
st-giga-10gatsu-gou,Action
star-fox,Shooters
star-fox-2,Shooters
star-ocean,RPG
star-trek-deep-space-nine-the-crossroads-of-time,Platform
star-trek-starfleet-academy-starship-bridge-simulator,Simulation
star-trek-the-next-generation-futures-past,Adventure
starfield-trainer,Simulation
stargate,Action
stealth,Strategy
sterling-sharpes-end-2-end,Sports
steven-seagal-is-the-final-option,Action
stone-protectors,Action
street-combat,Fighting
street-fighter-alpha-2,Fighting
street-fighter-ii,Fighting
street-fighter-ii-turbo,Fighting
street-hockey-95,Sports
street-racer,Racing
strike-gunner-stg,Shooters
stunt-race-fx,Racing
sufami-turbo-bios,Platform
sugoi-hebereke,Fighting
sugoro-quest-dicenics,RPG
sunset-riders,Shooters
supapoon,Puzzle
supapoon-dx,Puzzle
super-adventure-island,Platform
super-adventure-island-ii,Adventure
super-air-diver-2,Strategy
super-alfred-chicken,Platform
super-aquatic-games-starring-the-aquabats-the,Platform
super-back-to-the-future-ii,Platform
super-baseball-2020,Sports
super-baseball-simulator-1000,Sports
super-bases-loaded,Sports
super-bases-loaded-2,Sports
super-bases-loaded-3-license-to-steal,Sports
super-batter-up,Sports
super-battleship,Strategy
super-battletank-2,Simulation
super-big-2,Racing
super-bikkuriman,Fighting
super-black-bass,Simulation
super-black-bass-3,Simulation
super-bomberman,Action
super-bomberman-2,Action
super-bomberman-3,Action
super-bomberman-4,Action
super-bomberman-5,Strategy
super-bomberman-panic-bomber-w,Action
super-bombliss,Puzzle
super-bonk,Platform
super-bowling,Sports
super-buster-bros,Platform
super-caesars-palace,Simulation
super-casino-2,Simulation
super-castlevania-iv,Platform
super-chase-hq,Racing
super-conflict-the-mideast,Strategy
super-copa,Sports
super-dany,Platform
super-double-dragon,Action
super-double-yakuman,Puzzle
super-double-yakuman-ii,Puzzle
super-drift-out,Racing
super-dunk-star,Sports
super-f1-circus,Racing
super-f1-circus-2,Racing
super-f1-circus-3,Racing
super-f1-circus-gaiden,Racing
super-famicom-box-bios,Shooters
super-famicom-wars,Strategy
super-family-circuit,Racing
super-family-gerende,Sports
super-family-tennis,Sports
super-famista-2,Sports
super-final-match-tennis,Sports
super-fire-pro-wrestling,Fighting
super-fire-pro-wrestling-2,Fighting
super-fire-pro-wrestling-3-final-bout,Fighting
super-fire-pro-wrestling-queens-special,Fighting
super-fire-pro-wrestling-special,Fighting
super-fire-pro-wrestling-x,Fighting
super-formation-soccer-94-world-cup-final-data,Sports
super-formation-soccer-95-della-serie-a,Sports
super-formation-soccer-96-world-club-edition,Sports
super-formation-soccer-ii,Sports
super-gameboy,Platform
super-gameboy-2,Platform
super-ghouls-n-ghosts,Platform
super-godzilla,Action
super-gomoku-narabe-renju,Strategy
super-gussun-oyoyo,Platform
super-gussun-oyoyo-2,Platform
super-hanafuda,Puzzle
super-high-impact,Simulation
super-honmei-g1-seiha,Racing
super-ice-hockey,Sports
super-indy-champ,Racing
super-international-cricket,Sports
super-james-pond,Platform
super-james-pond-2,Platform
super-kokou-yakyuu-ichikyuu-jikkon,Sports
super-kyukyoku-harikiri-stadium,Sports
super-loopz,Racing
super-mad-champ,Racing
super-mahjong,Strategy
super-mahjong-2-honkaku-4-nin-uchi,Puzzle
super-mahjong-3-karakuchi,Puzzle
super-mahjong-taikai,Puzzle
super-mario-all-stars,Platform
super-mario-kart,Racing
super-mario-rpg-the-legend-of-the-seven-stars,RPG
super-mario-world,Platform
super-mario-world-2-yoshis-island,Platform
super-metroid,Action
super-momotarou-dentetsu-dx,Strategy
super-morph,Platform
super-naxat-open-golf-de-shoubu-da-dorabocchan,Sports
super-nazo-puyo-ruru-no-ruu,Puzzle
super-nazo-puyo-tsuu-ruru-no-tetsuwan-hanjyou-ki,Puzzle
super-nes-super-scope-6,Shooters
super-nichibutsu-mahjong,Puzzle
super-nichibutsu-mahjong-2-zenkoku-seiha-hen,Puzzle
super-nichibutsu-mahjong-3-yoshimoto-gekijou-hen,Puzzle
super-nichibutsu-mahjong-4-kiso-kenkyu-hen,Puzzle
super-ninja-boy,Action
super-ninja-kun,Action
super-nova,Shooters
super-off-road,Racing
super-off-road-the-baja,Racing
super-okuman-chouja-game-the-game-of-billionaire,Strategy
super-oozumou-nessen-ou-ichiban,Fighting
super-pachinko,Simulation
super-pachinko-taisen,Shooters
super-pinball-behind-the-mask,Action
super-pinball-ii-the-amazing-odyssey,Action
super-play-action-football,Sports
super-power-league,Sports
super-power-league-2,Sports
super-power-league-3,Sports
super-power-league-4,Sports
super-professional-baseball-2,Sports
super-punch-out,Sports
super-putty,Platform
super-puyo-puyo-tsuu,Puzzle
super-puyo-puyo-tsuu-remix,Puzzle
super-r-type,Shooters
super-rbi-baseball,Sports
super-real-mahjong-piv,Puzzle
super-real-mahjong-pv-paradise-all-star-4-nin-uchi,Puzzle
super-robot-taisen-3,RPG
super-robot-taisen-4,Strategy
super-robot-taisen-ex,Strategy
super-robot-taisen-gaiden-masoukishin-the-lord-of-elemental,Strategy
super-sangokushi,Strategy
super-shougi,Strategy
super-shougi-2,Strategy
super-shougi-3-kitaihei,Strategy
super-slam-dunk,Sports
super-slap-shot,Sports
super-smash-tv,Shooters
super-soccer,Sports
super-soccer-champ,Sports
super-solitaire,Puzzle
super-soukoban,Platform
super-star-wars,Action
super-star-wars-2-the-empire-strikes-back,Platform
super-star-wars-3-return-of-the-jedi,Platform
super-street-fighter-ii-the-new-challengers,Fighting
super-strike-eagle,Shooters
super-syobo-syobo-cg-collection,Adventure
super-tekkyuu-fight,Action
super-tennis,Sports
super-tetris-2-bombliss,Puzzle
super-tetris-2-bombliss-limited-edition,Puzzle
super-tetris-3,Puzzle
super-troll-islands,Platform
super-trump-collection,Simulation
super-tsume-shougi-1000,Strategy
super-turrican,Action
super-turrican-2,Shooters
super-ultra-baseball-2,Sports
super-uno,Puzzle
super-valis-4,Action
super-variable-geo,Fighting
super-wagyan-land,Platform
super-wagyan-land-2,Platform
super-widget,Platform
super-wild-card-dx-v1122,Platform
super-wrestle-angels,Fighting
super-zugan-2-tsukanpo-fighter,Puzzle
super-zugan-hakotenjou-kara-no-shoutai,Puzzle
sutobasu-yarou-show-3-on-3-basketball,Sports
sutte-hakkun,Platform
suzuka-8-hours,Racing
swat-kats-the-radical-squadron,Platform
sword-world-sfc,Action
sword-world-sfc-2-inishie-no-kyojin-densetsu,RPG
syndicate,Strategy
syvalion,Shooters
t2-the-arcade-game,Shooters
table-game-dai-shuugo-shogi-mahjong-hanafuda,Puzzle
tactical-soccer,Sports
tactics-ogre-let-us-cling-together,Strategy
tadaima-yuusha-boshuuchuu-okawari,RPG
taekwon-do,Fighting
taikou-risshiden,Strategy
taikyoku-igo-idaten,Strategy
tales-of-phantasia,RPG
tamagocchi-town,Simulation
tarot-mystery,Puzzle
taz-mania,Platform
tecmo-secret-of-the-stars,RPG
tecmo-super-baseball,Sports
tecmo-super-bowl,Sports
tecmo-super-nba-basketball,Sports
teenage-mutant-ninja-turtles-4-turtles-in-time,Action
teenage-mutant-ninja-turtles-tournament-fighters,Fighting
tekichuu-keiba-juku,Sports
tenchi-muyou-game-hen,RPG
tengai-makyou-zero,RPG
tenryuu-genichirou-no-pro-wres-revolution,Sports
tenshi-no-uta-shiroki-tsubasa-no-inori,RPG
terminator-2-judgment-day,Shooters
terranigma,RPG
tetris-2,Puzzle
tetris-attack,Puzzle
tetris-battle-gaiden,Puzzle
tetris-dr-mario,Puzzle
tetsuwan-atom,Platform
theme-park,Simulation
thomas-the-tank-engine-friends,Adventure
thoroughbred-breeder-ii,Simulation
thoroughbred-breeder-iii,Simulation
thunder-spirits,Shooters
thunderbirds-kokusai-kyuujotai-shutsudou-seyo,Shooters
tick-the,Fighting
time-cop,Action
time-trax,Platform
timeslip,Shooters
timon-and-pumbaas-jungle-games,Platform
tin-star,Shooters
tinhead,Platform
tintin-in-tibet,Platform
tintin-prisoners-of-the-sun,Adventure
tiny-toon-adventures-buster-busts-loose,Platform
tiny-toon-adventures-wacky-sports-challenge,Sports
tko-super-championship-boxing,Sports
tokimeki-memorial-densetsu-no-ki-no-shita-de,RPG
tokoros-mahjong,Puzzle
tom-and-jerry,Platform
tommy-moes-winter-extreme-[val-d-isere-championship],Sports
tony-meolas-sidekicks-soccer,Sports
top-gear,Racing
top-gear-2,Racing
top-gear-3000,Racing
top-management-ii,Strategy
total-carnage,Shooters
total-football,Sports
tottemo-lucky-man-lucky-cookie-roulette-de-totsugeki,Shooters
touge-densetsu-saisoku-battle,Racing
toy-story,Platform
toy-story-1996,Platform
toys,Platform
traverse-starlight-prairie,RPG
treasure-conflix,RPG
treasure-hunter-g,RPG
trinea,RPG
troddlers,Puzzle
troy-aikman-nfl-football,Sports
true-golf-classics-waialae-country-club,Sports
true-lies,Action
tsukikomori,RPG
tsuri-taro,Adventure
tsuyoshi-shikkarai-shinasai-taisen-puzzle-dama,Puzzle
tuff-e-nuff,Fighting
turn-and-burn-no-fly-zone,Simulation
twinbee-rainbow-bell-adventure,Platform
twisted-tales-of-spike-mcfang-the,RPG
uchuu-no-kishi-tekkaman-blade,Action
uchuu-race-astro-go-go,Racing
ufo-kamen-yakisoban-ketoraa-no-kuroi-inbou,Fighting
ultima-kyouryuu-teikoku-the-savage-empire,RPG
ultima-runes-of-virtue-ii,Platform
ultima-the-false-prophet,RPG
ultima-vii-the-black-gate,RPG
ultimate-fighter,Fighting
ultra-baseball-jitsumei-ban,Sports
ultra-baseball-jitsumei-ban-2,Sports
ultra-baseball-jitsumei-ban-3,Sports
ultra-league-moero-soccer-daisessen,Sports
ultra-seven,Fighting
ultraman,Fighting
umihara-kawase,Platform
umitsuri-meijin-suzuki-hen,Simulation
un-squadron,Shooters
uncharted-waters,RPG
uncharted-waters-new-horizons,RPG
undake-30-same-game-mario-version,Platform
undercover-cops,Action
uniracers,Racing
universal-soldier,Shooters
untitled-nfl-football-game,Sports
untouchables-the,Shooters
urban-strike,Shooters
ushio-to-tora,Action
utopia-the-creation-of-a-nation,Strategy
vegas-stakes,Simulation
verne-world,RPG
virtual-bart,Platform
virtual-soccer,Sports
vortex,Shooters
vs-collection,Fighting
wagyan-paradise,Platform
wakataka-oozumou-yume-no-kyoudai-taiketsu,Sports
waku-waku-ski-wonder-shoot,Platform
wally-wo-sagase-ehon-no-kuni-no-daibouken,Adventure
war-2410,Strategy
war-3010-the-revolution,Strategy
waratte-iitomo-tamorinpic,Shooters
warlock,Action
warpspeed,Shooters
waterworld,Action
wayne-gretzky-and-the-nhlpa-all-stars,Sports
wcw-superbrawl-wrestling,Fighting
weaponlord,Fighting
wheel-of-fortune-deluxe-edition,Simulation
whizz,Platform
wicked-18,Sports
wild-guns,Shooters
wildsnake,Puzzle
wile-e-coyotes-revenge,Platform
wing-commander,Simulation
winning-post,Racing
winning-post-2,Simulation
winter-gold,Sports
winter-olympic-games-lillehammer-94,Racing
wizap-ankoku-no-ou,RPG
wizard-of-oz-the,Platform
wizardry-gaiden-iv-throb-of-the-demons-heart,RPG
wizardry-i-ii-iii-the-story-of-llylgamyn,RPG
wizardry-v-heart-of-the-maelstrom,RPG
wizardry-vi-bane-of-the-cosmic-forge,RPG
wolfchild,Platform
wolverine-adamantium-rage,Fighting
wonder-project-j-kikai-no-shounen-pino,Simulation
wondrous-magic,Platform
wordtris,Puzzle
world-class-rugby,Sports
world-cup-98,Sports
world-cup-usa-94,Sports
world-heroes,Fighting
world-heroes-2,Fighting
world-league-soccer,Sports
world-masters-golf,Sports
world-of-manga-ii,Fighting
world-soccer-94-road-to-glory-[eric-cantona-football-challenge]-[striker],Sports
worms,Strategy
wrecking-crew-98,Platform
wwf-raw,Sports
wwf-royal-rumble,Sports
wwf-super-wrestlemania,Sports
wwf-wrestlemania-the-arcade-game,Fighting
x-kaliber-2097,Action
x-men-mutant-apocalypse,Action
x-men-vs-street-fighter,Fighting
x-zone,Shooters
xak-the-art-of-visual-stage,RPG
xardion,Platform
xband-modem,Simulation
yadamon-wonderland-dreams,Platform
yakouchuu,Adventure
yamyam,Adventure
yokoyama-mitsuteru-sangokushi,RPG
yoshi-no-kuruppon-oven-de-cookie,Puzzle
yoshis-cookie,Puzzle
yoshis-safari,Shooters
youchien-senki-madara,RPG
young-merlin,RPG
ys-iii-wanderers-from-ys,Action
ys-iv-mask-of-the-sun,RPG
ys-v-ushinawareta-sunano-miyako-kefin,RPG
yume-maboroshi-no-gotoku,RPG
yume-meikyuu-kigurumi-daibouken,RPG
yuu-yu-no-quiz-de-go-go,Puzzle
yuu-yuu-hakusho,Fighting
yuu-yuu-hakusho-2-kakutou-no-sho,Fighting
yuu-yuu-hakusho-final-makai-saikyou-retsuden,Fighting
yuu-yuu-hakusho-tokubetsu-hen,Fighting
yuujin-janjuu-gakuen,Puzzle
yuujin-no-furi-furi-girls,Puzzle
zakuro-no-aji,Platform
zan-ii-spirits,Strategy
zan-iii-spirits,Strategy
zen-nihon-gt-senshuken-hyper-battle-game,Racing
zen-nihon-pro-wrestling,Fighting
zen-nihon-pro-wrestling-2-34-budoukan,Fighting
zen-nihon-pro-wrestling-fight-da-pon,Sports
zenkoku-juudan-ultra-shinri-game,Puzzle
zenkoku-koukou-soccer,Sports
zenkoku-koukou-soccer-2,Sports
zenkoku-koukou-soccer-senshuken-96,Simulation
zero-the-kamikaze-squirrel,Platform
zero4-champ-rr,Racing
zico-soccer,Sports
zig-zag-cat-ostrich-club-mo-oosawagi-da,Shooters
zombies-ate-my-neighbors,Action
zone,Shooters
zool-ninja-of-the-nth-dimension,Platform
zoop,Puzzle
zootto-mahjong,Puzzle

