index,game_id,segment
1,top-gear,top-gear_00001.mp4
2,top-gear,top-gear_00003.mp4
3,top-gear,top-gear_00005.mp4
4,top-gear,top-gear_00007.mp4
5,top-gear,top-gear_00009.mp4
6,top-gear,top-gear_00011.mp4
7,top-gear,top-gear_00013.mp4
8,top-gear,top-gear_00015.mp4
9,top-gear,top-gear_00017.mp4
10,top-gear,top-gear_00019.mp4
11,top-gear,top-gear_00021.mp4
12,top-gear,top-gear_00023.mp4
13,top-gear,top-gear_00025.mp4
14,top-gear,top-gear_00027.mp4
15,top-gear,top-gear_00029.mp4
16,top-gear,top-gear_00031.mp4
17,top-gear,top-gear_00033.mp4
18,top-gear,top-gear_00035.mp4
19,top-gear,top-gear_00037.mp4
20,top-gear,top-gear_00039.mp4
21,top-gear,top-gear_00041.mp4
22,top-gear,top-gear_00043.mp4
23,top-gear,top-gear_00045.mp4
24,top-gear,top-gear_00047.mp4
25,top-gear,top-gear_00049.mp4
26,top-gear,top-gear_00051.mp4
27,top-gear,top-gear_00053.mp4
28,top-gear,top-gear_00055.mp4
29,top-gear,top-gear_00057.mp4
30,top-gear,top-gear_00059.mp4
31,top-gear,top-gear_00061.mp4
32,top-gear,top-gear_00063.mp4
33,top-gear,top-gear_00065.mp4
34,top-gear,top-gear_00067.mp4
35,top-gear,top-gear_00069.mp4
36,top-gear,top-gear_00071.mp4
37,top-gear,top-gear_00073.mp4
38,top-gear,top-gear_00075.mp4
39,top-gear,top-gear_00077.mp4
40,top-gear,top-gear_00079.mp4
41,top-gear,top-gear_00081.mp4
42,top-gear,top-gear_00083.mp4
43,top-gear,top-gear_00085.mp4
44,top-gear,top-gear_00087.mp4
45,top-gear,top-gear_00089.mp4
46,top-gear,top-gear_00091.mp4
47,top-gear,top-gear_00093.mp4
48,top-gear,top-gear_00095.mp4
49,top-gear,top-gear_00097.mp4
50,top-gear,top-gear_00099.mp4
51,top-gear,top-gear_00101.mp4
52,top-gear,top-gear_00103.mp4
53,top-gear,top-gear_00105.mp4
54,top-gear,top-gear_00107.mp4
55,top-gear,top-gear_00109.mp4
56,top-gear,top-gear_00111.mp4
57,top-gear,top-gear_00113.mp4
58,top-gear,top-gear_00115.mp4
59,top-gear,top-gear_00117.mp4
60,top-gear,top-gear_00119.mp4
61,top-gear,top-gear_00121.mp4
62,top-gear,top-gear_00123.mp4
63,top-gear,top-gear_00125.mp4
64,top-gear,top-gear_00127.mp4
65,top-gear,top-gear_00129.mp4
66,top-gear,top-gear_00131.mp4
67,top-gear,top-gear_00133.mp4
68,top-gear,top-gear_00135.mp4
69,top-gear,top-gear_00137.mp4
70,top-gear,top-gear_00139.mp4
71,top-gear,top-gear_00141.mp4
72,top-gear,top-gear_00143.mp4
73,top-gear,top-gear_00145.mp4
74,top-gear,top-gear_00147.mp4
75,top-gear,top-gear_00149.mp4
76,top-gear,top-gear_00151.mp4
77,top-gear,top-gear_00153.mp4
78,top-gear,top-gear_00155.mp4
79,top-gear,top-gear_00157.mp4
80,top-gear,top-gear_00159.mp4
81,top-gear,top-gear_00161.mp4
82,top-gear,top-gear_00163.mp4
83,top-gear,top-gear_00165.mp4
84,top-gear,top-gear_00167.mp4
85,top-gear,top-gear_00169.mp4
86,top-gear,top-gear_00171.mp4
87,top-gear,top-gear_00173.mp4
88,top-gear,top-gear_00175.mp4
89,top-gear,top-gear_00177.mp4
90,top-gear,top-gear_00179.mp4
91,top-gear,top-gear_00181.mp4
92,top-gear,top-gear_00183.mp4
93,top-gear,top-gear_00185.mp4
94,top-gear,top-gear_00187.mp4
95,top-gear,top-gear_00189.mp4
96,top-gear,top-gear_00191.mp4
97,top-gear,top-gear_00193.mp4
98,top-gear,top-gear_00195.mp4
99,top-gear,top-gear_00197.mp4
100,top-gear,top-gear_00199.mp4
101,top-gear,top-gear_00201.mp4
102,top-gear,top-gear_00203.mp4
103,top-gear,top-gear_00205.mp4
104,top-gear,top-gear_00207.mp4
105,top-gear,top-gear_00209.mp4
106,top-gear,top-gear_00211.mp4
107,top-gear,top-gear_00213.mp4
108,top-gear,top-gear_00215.mp4
109,top-gear,top-gear_00217.mp4
110,top-gear,top-gear_00219.mp4
111,top-gear,top-gear_00221.mp4
112,top-gear,top-gear_00223.mp4
113,top-gear,top-gear_00225.mp4
114,top-gear,top-gear_00227.mp4
115,top-gear,top-gear_00229.mp4
116,top-gear,top-gear_00231.mp4
117,top-gear,top-gear_00233.mp4
118,top-gear,top-gear_00235.mp4
119,top-gear,top-gear_00237.mp4
120,top-gear,top-gear_00239.mp4
121,top-gear,top-gear_00241.mp4
122,top-gear,top-gear_00243.mp4
123,top-gear,top-gear_00245.mp4
124,top-gear,top-gear_00247.mp4
125,top-gear,top-gear_00249.mp4
126,top-gear,top-gear_00251.mp4
127,top-gear,top-gear_00253.mp4
128,top-gear,top-gear_00255.mp4
129,top-gear,top-gear_00257.mp4
130,top-gear,top-gear_00259.mp4
131,top-gear,top-gear_00261.mp4
132,top-gear,top-gear_00263.mp4
133,top-gear,top-gear_00265.mp4
134,top-gear,top-gear_00267.mp4
135,top-gear,top-gear_00269.mp4
136,top-gear,top-gear_00271.mp4
137,top-gear,top-gear_00273.mp4
138,top-gear,top-gear_00275.mp4
139,top-gear,top-gear_00277.mp4
140,top-gear,top-gear_00279.mp4
141,top-gear,top-gear_00281.mp4
142,top-gear,top-gear_00283.mp4
143,top-gear,top-gear_00285.mp4
144,top-gear,top-gear_00287.mp4
145,top-gear,top-gear_00289.mp4
146,top-gear,top-gear_00291.mp4
147,top-gear,top-gear_00293.mp4
148,top-gear,top-gear_00295.mp4
149,top-gear,top-gear_00297.mp4
150,top-gear,top-gear_00299.mp4
151,top-gear,top-gear_00301.mp4
152,top-gear,top-gear_00303.mp4
153,top-gear,top-gear_00305.mp4
154,top-gear,top-gear_00307.mp4
155,top-gear,top-gear_00309.mp4
156,top-gear,top-gear_00311.mp4
157,top-gear,top-gear_00313.mp4
158,top-gear,top-gear_00315.mp4
159,top-gear,top-gear_00317.mp4
160,top-gear,top-gear_00319.mp4
161,top-gear,top-gear_00321.mp4
162,top-gear,top-gear_00323.mp4
163,top-gear,top-gear_00325.mp4
164,top-gear,top-gear_00327.mp4
165,top-gear,top-gear_00329.mp4
166,top-gear,top-gear_00331.mp4
167,top-gear,top-gear_00333.mp4
168,top-gear,top-gear_00335.mp4
169,top-gear,top-gear_00337.mp4
170,top-gear,top-gear_00339.mp4
171,top-gear,top-gear_00341.mp4
172,top-gear,top-gear_00343.mp4
173,top-gear,top-gear_00345.mp4
174,top-gear,top-gear_00347.mp4
175,top-gear,top-gear_00349.mp4
176,top-gear,top-gear_00351.mp4
177,top-gear,top-gear_00353.mp4
178,top-gear,top-gear_00355.mp4
179,top-gear,top-gear_00357.mp4
180,top-gear,top-gear_00359.mp4
181,top-gear,top-gear_00361.mp4
182,top-gear,top-gear_00363.mp4
183,top-gear,top-gear_00365.mp4
184,top-gear,top-gear_00367.mp4
185,top-gear,top-gear_00369.mp4
186,top-gear,top-gear_00371.mp4
187,top-gear,top-gear_00373.mp4
188,top-gear,top-gear_00375.mp4
189,top-gear,top-gear_00377.mp4
190,top-gear,top-gear_00379.mp4
191,top-gear,top-gear_00381.mp4
192,top-gear,top-gear_00383.mp4
193,top-gear,top-gear_00385.mp4
194,top-gear,top-gear_00387.mp4
195,top-gear,top-gear_00389.mp4
196,top-gear,top-gear_00391.mp4
197,top-gear,top-gear_00393.mp4
198,top-gear,top-gear_00395.mp4
199,top-gear,top-gear_00397.mp4
200,top-gear,top-gear_00399.mp4
201,top-gear,top-gear_00401.mp4
202,top-gear,top-gear_00403.mp4
203,top-gear,top-gear_00405.mp4
204,top-gear,top-gear_00407.mp4
205,top-gear,top-gear_00409.mp4
206,top-gear,top-gear_00411.mp4
207,top-gear,top-gear_00413.mp4
208,top-gear,top-gear_00415.mp4
209,top-gear,top-gear_00417.mp4
210,top-gear,top-gear_00419.mp4
211,top-gear,top-gear_00421.mp4
212,top-gear,top-gear_00423.mp4
213,top-gear,top-gear_00425.mp4
214,top-gear,top-gear_00427.mp4
215,top-gear,top-gear_00429.mp4
216,top-gear,top-gear_00431.mp4
217,top-gear,top-gear_00433.mp4
218,top-gear,top-gear_00435.mp4
219,top-gear,top-gear_00437.mp4
220,top-gear,top-gear_00439.mp4
221,top-gear,top-gear_00441.mp4
222,top-gear,top-gear_00443.mp4
223,top-gear,top-gear_00445.mp4
224,top-gear,top-gear_00447.mp4
225,top-gear,top-gear_00449.mp4
226,top-gear,top-gear_00451.mp4
227,top-gear,top-gear_00453.mp4
228,top-gear,top-gear_00455.mp4
229,top-gear,top-gear_00457.mp4
230,top-gear,top-gear_00459.mp4
231,top-gear,top-gear_00461.mp4
232,top-gear,top-gear_00463.mp4
233,top-gear,top-gear_00465.mp4
234,top-gear,top-gear_00467.mp4
235,top-gear,top-gear_00469.mp4
236,top-gear,top-gear_00471.mp4
237,top-gear,top-gear_00473.mp4
238,top-gear,top-gear_00475.mp4
239,top-gear,top-gear_00477.mp4
240,top-gear,top-gear_00479.mp4
241,top-gear,top-gear_00481.mp4
242,top-gear,top-gear_00483.mp4
243,top-gear,top-gear_00485.mp4
244,top-gear,top-gear_00487.mp4
245,top-gear,top-gear_00489.mp4
246,top-gear,top-gear_00491.mp4
247,top-gear,top-gear_00493.mp4
248,top-gear,top-gear_00495.mp4
249,top-gear,top-gear_00497.mp4
250,top-gear,top-gear_00499.mp4
251,top-gear,top-gear_00501.mp4
252,top-gear,top-gear_00503.mp4
253,top-gear,top-gear_00505.mp4
254,top-gear,top-gear_00507.mp4
255,top-gear,top-gear_00509.mp4
256,top-gear,top-gear_00511.mp4
257,top-gear,top-gear_00513.mp4
258,top-gear,top-gear_00515.mp4
259,top-gear,top-gear_00517.mp4
260,top-gear,top-gear_00519.mp4
261,top-gear,top-gear_00521.mp4
262,top-gear,top-gear_00523.mp4
263,top-gear,top-gear_00525.mp4
264,top-gear,top-gear_00527.mp4
265,top-gear,top-gear_00529.mp4
266,top-gear,top-gear_00531.mp4
267,top-gear,top-gear_00533.mp4
268,top-gear,top-gear_00535.mp4
269,top-gear,top-gear_00537.mp4
270,top-gear,top-gear_00539.mp4
271,top-gear,top-gear_00541.mp4
272,top-gear,top-gear_00543.mp4
273,top-gear,top-gear_00545.mp4
274,top-gear,top-gear_00547.mp4
275,top-gear,top-gear_00549.mp4
276,top-gear,top-gear_00551.mp4
277,top-gear,top-gear_00553.mp4
278,top-gear,top-gear_00555.mp4
279,top-gear,top-gear_00557.mp4
280,top-gear,top-gear_00559.mp4
281,top-gear,top-gear_00561.mp4
282,top-gear,top-gear_00563.mp4
283,top-gear,top-gear_00565.mp4
284,top-gear,top-gear_00567.mp4
285,top-gear,top-gear_00569.mp4
286,top-gear,top-gear_00571.mp4
287,top-gear,top-gear_00573.mp4
288,top-gear,top-gear_00575.mp4
289,top-gear,top-gear_00577.mp4
290,top-gear,top-gear_00579.mp4
291,top-gear,top-gear_00581.mp4
292,top-gear,top-gear_00583.mp4
293,top-gear,top-gear_00585.mp4
294,top-gear,top-gear_00587.mp4
295,top-gear,top-gear_00589.mp4
296,top-gear,top-gear_00591.mp4
297,top-gear,top-gear_00593.mp4
298,top-gear,top-gear_00595.mp4
299,top-gear,top-gear_00597.mp4
300,top-gear,top-gear_00599.mp4
301,top-gear,top-gear_00601.mp4
302,top-gear,top-gear_00603.mp4
303,top-gear,top-gear_00605.mp4
304,top-gear,top-gear_00607.mp4
305,top-gear,top-gear_00609.mp4
306,top-gear,top-gear_00611.mp4
307,top-gear,top-gear_00613.mp4
308,top-gear,top-gear_00615.mp4
309,top-gear,top-gear_00617.mp4
310,top-gear,top-gear_00619.mp4
311,top-gear,top-gear_00621.mp4
312,top-gear,top-gear_00623.mp4
313,top-gear,top-gear_00625.mp4
314,top-gear,top-gear_00627.mp4
315,top-gear,top-gear_00629.mp4
316,top-gear,top-gear_00631.mp4
317,top-gear,top-gear_00633.mp4
318,top-gear,top-gear_00635.mp4
319,top-gear,top-gear_00637.mp4
320,top-gear,top-gear_00639.mp4
321,top-gear,top-gear_00641.mp4
322,top-gear,top-gear_00643.mp4
323,top-gear,top-gear_00645.mp4
324,top-gear,top-gear_00647.mp4
325,top-gear,top-gear_00649.mp4
326,top-gear,top-gear_00651.mp4
327,top-gear,top-gear_00653.mp4
328,top-gear,top-gear_00655.mp4
329,top-gear,top-gear_00657.mp4
330,top-gear,top-gear_00659.mp4
331,top-gear,top-gear_00661.mp4
332,top-gear,top-gear_00663.mp4
333,top-gear,top-gear_00665.mp4
334,top-gear,top-gear_00667.mp4
335,top-gear,top-gear_00669.mp4
336,top-gear,top-gear_00671.mp4
337,top-gear,top-gear_00673.mp4
338,top-gear,top-gear_00675.mp4
339,top-gear,top-gear_00677.mp4
340,top-gear,top-gear_00679.mp4
341,top-gear,top-gear_00681.mp4
342,top-gear,top-gear_00683.mp4
343,top-gear,top-gear_00685.mp4
344,top-gear,top-gear_00687.mp4
345,top-gear,top-gear_00689.mp4
346,top-gear,top-gear_00691.mp4
347,toy-story-1996,toy-story-1996_00001.mp4
348,toy-story-1996,toy-story-1996_00003.mp4
349,toy-story-1996,toy-story-1996_00005.mp4
350,toy-story-1996,toy-story-1996_00007.mp4
351,toy-story-1996,toy-story-1996_00009.mp4
352,toy-story-1996,toy-story-1996_00011.mp4
353,toy-story-1996,toy-story-1996_00013.mp4
354,toy-story-1996,toy-story-1996_00015.mp4
355,toy-story-1996,toy-story-1996_00017.mp4
356,toy-story-1996,toy-story-1996_00019.mp4
357,toy-story-1996,toy-story-1996_00021.mp4
358,toy-story-1996,toy-story-1996_00023.mp4
359,toy-story-1996,toy-story-1996_00025.mp4
360,toy-story-1996,toy-story-1996_00027.mp4
361,toy-story-1996,toy-story-1996_00029.mp4
362,toy-story-1996,toy-story-1996_00031.mp4
363,toy-story-1996,toy-story-1996_00033.mp4
364,toy-story-1996,toy-story-1996_00035.mp4
365,toy-story-1996,toy-story-1996_00037.mp4
366,toy-story-1996,toy-story-1996_00039.mp4
367,toy-story-1996,toy-story-1996_00041.mp4
368,toy-story-1996,toy-story-1996_00043.mp4
369,toy-story-1996,toy-story-1996_00045.mp4
370,toy-story-1996,toy-story-1996_00047.mp4
371,toy-story-1996,toy-story-1996_00049.mp4
372,toy-story-1996,toy-story-1996_00051.mp4
373,toy-story-1996,toy-story-1996_00053.mp4
374,toy-story-1996,toy-story-1996_00055.mp4
375,toy-story-1996,toy-story-1996_00057.mp4
376,toy-story-1996,toy-story-1996_00059.mp4
377,toy-story-1996,toy-story-1996_00061.mp4
378,toy-story-1996,toy-story-1996_00063.mp4
379,toy-story-1996,toy-story-1996_00065.mp4
380,toy-story-1996,toy-story-1996_00067.mp4
381,toy-story-1996,toy-story-1996_00069.mp4
382,toy-story-1996,toy-story-1996_00071.mp4
383,toy-story-1996,toy-story-1996_00073.mp4
384,toy-story-1996,toy-story-1996_00075.mp4
385,toy-story-1996,toy-story-1996_00077.mp4
386,toy-story-1996,toy-story-1996_00079.mp4
387,toy-story-1996,toy-story-1996_00081.mp4
388,toy-story-1996,toy-story-1996_00083.mp4
389,toy-story-1996,toy-story-1996_00085.mp4
390,toy-story-1996,toy-story-1996_00087.mp4
391,toy-story-1996,toy-story-1996_00089.mp4
392,toy-story-1996,toy-story-1996_00091.mp4
393,toy-story-1996,toy-story-1996_00093.mp4
394,toy-story-1996,toy-story-1996_00095.mp4
395,toy-story-1996,toy-story-1996_00097.mp4
396,toy-story-1996,toy-story-1996_00099.mp4
397,toy-story-1996,toy-story-1996_00101.mp4
398,toy-story-1996,toy-story-1996_00103.mp4
399,toy-story-1996,toy-story-1996_00105.mp4
400,toy-story-1996,toy-story-1996_00107.mp4
401,toy-story-1996,toy-story-1996_00109.mp4
402,toy-story-1996,toy-story-1996_00111.mp4
403,toy-story-1996,toy-story-1996_00113.mp4
404,toy-story-1996,toy-story-1996_00115.mp4
405,toy-story-1996,toy-story-1996_00117.mp4
406,toy-story-1996,toy-story-1996_00119.mp4
407,toy-story-1996,toy-story-1996_00121.mp4
408,toy-story-1996,toy-story-1996_00123.mp4
409,toy-story-1996,toy-story-1996_00125.mp4
410,toy-story-1996,toy-story-1996_00127.mp4
411,toy-story-1996,toy-story-1996_00129.mp4
412,toy-story-1996,toy-story-1996_00131.mp4
413,toy-story-1996,toy-story-1996_00133.mp4
414,toy-story-1996,toy-story-1996_00135.mp4
415,toy-story-1996,toy-story-1996_00137.mp4
416,toy-story-1996,toy-story-1996_00139.mp4
417,toy-story-1996,toy-story-1996_00141.mp4
418,toy-story-1996,toy-story-1996_00143.mp4
419,toy-story-1996,toy-story-1996_00145.mp4
420,toy-story-1996,toy-story-1996_00147.mp4
421,toy-story-1996,toy-story-1996_00149.mp4
422,toy-story-1996,toy-story-1996_00151.mp4
423,toy-story-1996,toy-story-1996_00153.mp4
424,toy-story-1996,toy-story-1996_00155.mp4
425,toy-story-1996,toy-story-1996_00157.mp4
426,toy-story-1996,toy-story-1996_00159.mp4
427,toy-story-1996,toy-story-1996_00161.mp4
428,toy-story-1996,toy-story-1996_00163.mp4
429,toy-story-1996,toy-story-1996_00165.mp4
430,toy-story-1996,toy-story-1996_00167.mp4
431,toy-story-1996,toy-story-1996_00169.mp4
432,toy-story-1996,toy-story-1996_00171.mp4
433,toy-story-1996,toy-story-1996_00173.mp4
434,toy-story-1996,toy-story-1996_00175.mp4
435,toy-story-1996,toy-story-1996_00177.mp4
436,toy-story-1996,toy-story-1996_00179.mp4
437,toy-story-1996,toy-story-1996_00181.mp4
438,toy-story-1996,toy-story-1996_00183.mp4
439,toy-story-1996,toy-story-1996_00185.mp4
440,toy-story-1996,toy-story-1996_00187.mp4
441,toy-story-1996,toy-story-1996_00189.mp4
442,toy-story-1996,toy-story-1996_00191.mp4
443,toy-story-1996,toy-story-1996_00193.mp4
444,toy-story-1996,toy-story-1996_00195.mp4
445,toy-story-1996,toy-story-1996_00197.mp4
446,toy-story-1996,toy-story-1996_00199.mp4
447,toy-story-1996,toy-story-1996_00201.mp4
448,toy-story-1996,toy-story-1996_00203.mp4
449,toy-story-1996,toy-story-1996_00205.mp4
450,toy-story-1996,toy-story-1996_00207.mp4
451,toy-story-1996,toy-story-1996_00209.mp4
452,toy-story-1996,toy-story-1996_00211.mp4
453,toy-story-1996,toy-story-1996_00213.mp4
454,toy-story-1996,toy-story-1996_00215.mp4
455,toy-story-1996,toy-story-1996_00217.mp4
456,toy-story-1996,toy-story-1996_00219.mp4
457,toy-story-1996,toy-story-1996_00221.mp4
458,toy-story-1996,toy-story-1996_00223.mp4
459,toy-story-1996,toy-story-1996_00225.mp4
460,toy-story-1996,toy-story-1996_00227.mp4
461,toy-story-1996,toy-story-1996_00229.mp4
462,toy-story-1996,toy-story-1996_00231.mp4
463,toy-story-1996,toy-story-1996_00233.mp4
464,toy-story-1996,toy-story-1996_00235.mp4
465,toy-story-1996,toy-story-1996_00237.mp4
466,toy-story-1996,toy-story-1996_00239.mp4
467,toy-story-1996,toy-story-1996_00241.mp4
468,toy-story-1996,toy-story-1996_00243.mp4
469,toy-story-1996,toy-story-1996_00245.mp4
470,toy-story-1996,toy-story-1996_00247.mp4
471,toy-story-1996,toy-story-1996_00249.mp4
472,toy-story-1996,toy-story-1996_00251.mp4
473,toy-story-1996,toy-story-1996_00253.mp4
474,toy-story-1996,toy-story-1996_00255.mp4
475,toy-story-1996,toy-story-1996_00257.mp4
476,toy-story-1996,toy-story-1996_00259.mp4
477,toy-story-1996,toy-story-1996_00261.mp4
478,toy-story-1996,toy-story-1996_00263.mp4
479,toy-story-1996,toy-story-1996_00265.mp4
480,toy-story-1996,toy-story-1996_00267.mp4
481,toy-story-1996,toy-story-1996_00269.mp4
482,toy-story-1996,toy-story-1996_00271.mp4
483,toy-story-1996,toy-story-1996_00273.mp4
484,toy-story-1996,toy-story-1996_00275.mp4
485,toy-story-1996,toy-story-1996_00277.mp4
486,toy-story-1996,toy-story-1996_00279.mp4
487,toy-story-1996,toy-story-1996_00281.mp4
488,toy-story-1996,toy-story-1996_00283.mp4
489,toy-story-1996,toy-story-1996_00285.mp4
490,toy-story-1996,toy-story-1996_00287.mp4
491,toy-story-1996,toy-story-1996_00289.mp4
492,toy-story-1996,toy-story-1996_00291.mp4
493,toy-story-1996,toy-story-1996_00293.mp4
494,toy-story-1996,toy-story-1996_00295.mp4
495,toy-story-1996,toy-story-1996_00297.mp4
496,toy-story-1996,toy-story-1996_00299.mp4
497,toy-story-1996,toy-story-1996_00301.mp4
498,toy-story-1996,toy-story-1996_00303.mp4
499,toy-story-1996,toy-story-1996_00305.mp4
500,toy-story-1996,toy-story-1996_00307.mp4
501,toy-story-1996,toy-story-1996_00309.mp4
502,toy-story-1996,toy-story-1996_00311.mp4
503,toy-story-1996,toy-story-1996_00313.mp4
504,toy-story-1996,toy-story-1996_00315.mp4
505,toy-story-1996,toy-story-1996_00317.mp4
506,toy-story-1996,toy-story-1996_00319.mp4
507,toy-story-1996,toy-story-1996_00321.mp4
508,toy-story-1996,toy-story-1996_00323.mp4
509,toy-story-1996,toy-story-1996_00325.mp4
510,toy-story-1996,toy-story-1996_00327.mp4
511,toy-story-1996,toy-story-1996_00329.mp4
512,toy-story-1996,toy-story-1996_00331.mp4
513,toy-story-1996,toy-story-1996_00333.mp4
514,toy-story-1996,toy-story-1996_00335.mp4
515,top-gear,top-gear_00001.mp4
516,top-gear,top-gear_00003.mp4
517,top-gear,top-gear_00005.mp4
518,top-gear,top-gear_00007.mp4
519,top-gear,top-gear_00009.mp4
520,top-gear,top-gear_00011.mp4
521,top-gear,top-gear_00013.mp4
522,top-gear,top-gear_00015.mp4
523,top-gear,top-gear_00017.mp4
524,top-gear,top-gear_00019.mp4
525,top-gear,top-gear_00021.mp4
526,top-gear,top-gear_00023.mp4
527,top-gear,top-gear_00025.mp4
528,top-gear,top-gear_00027.mp4
529,top-gear,top-gear_00029.mp4
530,top-gear,top-gear_00031.mp4
531,top-gear,top-gear_00033.mp4
532,top-gear,top-gear_00035.mp4
533,top-gear,top-gear_00037.mp4
534,top-gear,top-gear_00039.mp4
535,top-gear,top-gear_00041.mp4
536,top-gear,top-gear_00043.mp4
537,top-gear,top-gear_00045.mp4
538,top-gear,top-gear_00047.mp4
539,top-gear,top-gear_00049.mp4
540,top-gear,top-gear_00051.mp4
541,top-gear,top-gear_00053.mp4
542,top-gear,top-gear_00055.mp4
543,top-gear,top-gear_00057.mp4
544,top-gear,top-gear_00059.mp4
545,top-gear,top-gear_00061.mp4
546,top-gear,top-gear_00063.mp4
547,top-gear,top-gear_00065.mp4
548,top-gear,top-gear_00067.mp4
549,top-gear,top-gear_00069.mp4
550,top-gear,top-gear_00071.mp4
551,top-gear,top-gear_00073.mp4
552,top-gear,top-gear_00075.mp4
553,top-gear,top-gear_00077.mp4
554,top-gear,top-gear_00079.mp4
555,top-gear,top-gear_00081.mp4
556,top-gear,top-gear_00083.mp4
557,top-gear,top-gear_00085.mp4
558,top-gear,top-gear_00087.mp4
559,top-gear,top-gear_00089.mp4
560,top-gear,top-gear_00091.mp4
561,top-gear,top-gear_00093.mp4
562,top-gear,top-gear_00095.mp4
563,top-gear,top-gear_00097.mp4
564,top-gear,top-gear_00099.mp4
565,top-gear,top-gear_00101.mp4
566,top-gear,top-gear_00103.mp4
567,top-gear,top-gear_00105.mp4
568,top-gear,top-gear_00107.mp4
569,top-gear,top-gear_00109.mp4
570,top-gear,top-gear_00111.mp4
571,top-gear,top-gear_00113.mp4
572,top-gear,top-gear_00115.mp4
573,top-gear,top-gear_00117.mp4
574,top-gear,top-gear_00119.mp4
575,top-gear,top-gear_00121.mp4
576,top-gear,top-gear_00123.mp4
577,top-gear,top-gear_00125.mp4
578,top-gear,top-gear_00127.mp4
579,top-gear,top-gear_00129.mp4
580,top-gear,top-gear_00131.mp4
581,top-gear,top-gear_00133.mp4
582,top-gear,top-gear_00135.mp4
583,top-gear,top-gear_00137.mp4
584,top-gear,top-gear_00139.mp4
585,top-gear,top-gear_00141.mp4
586,top-gear,top-gear_00143.mp4
587,top-gear,top-gear_00145.mp4
588,top-gear,top-gear_00147.mp4
589,top-gear,top-gear_00149.mp4
590,top-gear,top-gear_00151.mp4
591,top-gear,top-gear_00153.mp4
592,top-gear,top-gear_00155.mp4
593,top-gear,top-gear_00157.mp4
594,top-gear,top-gear_00159.mp4
595,top-gear,top-gear_00161.mp4
596,top-gear,top-gear_00163.mp4
597,top-gear,top-gear_00165.mp4
598,top-gear,top-gear_00167.mp4
599,top-gear,top-gear_00169.mp4
600,top-gear,top-gear_00171.mp4
601,top-gear,top-gear_00173.mp4
602,top-gear,top-gear_00175.mp4
603,top-gear,top-gear_00177.mp4
604,top-gear,top-gear_00179.mp4
605,top-gear,top-gear_00181.mp4
606,top-gear,top-gear_00183.mp4
607,top-gear,top-gear_00185.mp4
608,top-gear,top-gear_00187.mp4
609,top-gear,top-gear_00189.mp4
610,top-gear,top-gear_00191.mp4
611,top-gear,top-gear_00193.mp4
612,top-gear,top-gear_00195.mp4
613,top-gear,top-gear_00197.mp4
614,top-gear,top-gear_00199.mp4
615,top-gear,top-gear_00201.mp4
616,top-gear,top-gear_00203.mp4
617,top-gear,top-gear_00205.mp4
618,top-gear,top-gear_00207.mp4
619,top-gear,top-gear_00209.mp4
620,top-gear,top-gear_00211.mp4
621,top-gear,top-gear_00213.mp4
622,top-gear,top-gear_00215.mp4
623,top-gear,top-gear_00217.mp4
624,top-gear,top-gear_00219.mp4
625,top-gear,top-gear_00221.mp4
626,top-gear,top-gear_00223.mp4
627,top-gear,top-gear_00225.mp4
628,top-gear,top-gear_00227.mp4
629,top-gear,top-gear_00229.mp4
630,top-gear,top-gear_00231.mp4
631,top-gear,top-gear_00233.mp4
632,top-gear,top-gear_00235.mp4
633,top-gear,top-gear_00237.mp4
634,top-gear,top-gear_00239.mp4
635,top-gear,top-gear_00241.mp4
636,top-gear,top-gear_00243.mp4
637,top-gear,top-gear_00245.mp4
638,top-gear,top-gear_00247.mp4
639,top-gear,top-gear_00249.mp4
640,top-gear,top-gear_00251.mp4
641,top-gear,top-gear_00253.mp4
642,top-gear,top-gear_00255.mp4
643,top-gear,top-gear_00257.mp4
644,top-gear,top-gear_00259.mp4
645,top-gear,top-gear_00261.mp4
646,top-gear,top-gear_00263.mp4
647,top-gear,top-gear_00265.mp4
648,top-gear,top-gear_00267.mp4
649,top-gear,top-gear_00269.mp4
650,top-gear,top-gear_00271.mp4
651,top-gear,top-gear_00273.mp4
652,top-gear,top-gear_00275.mp4
653,top-gear,top-gear_00277.mp4
654,top-gear,top-gear_00279.mp4
655,top-gear,top-gear_00281.mp4
656,top-gear,top-gear_00283.mp4
657,top-gear,top-gear_00285.mp4
658,top-gear,top-gear_00287.mp4
659,top-gear,top-gear_00289.mp4
660,top-gear,top-gear_00291.mp4
661,top-gear,top-gear_00293.mp4
662,top-gear,top-gear_00295.mp4
663,top-gear,top-gear_00297.mp4
664,top-gear,top-gear_00299.mp4
665,top-gear,top-gear_00301.mp4
666,top-gear,top-gear_00303.mp4
667,top-gear,top-gear_00305.mp4
668,top-gear,top-gear_00307.mp4
669,top-gear,top-gear_00309.mp4
670,top-gear,top-gear_00311.mp4
671,top-gear,top-gear_00313.mp4
672,top-gear,top-gear_00315.mp4
673,top-gear,top-gear_00317.mp4
674,top-gear,top-gear_00319.mp4
675,top-gear,top-gear_00321.mp4
676,top-gear,top-gear_00323.mp4
677,top-gear,top-gear_00325.mp4
678,top-gear,top-gear_00327.mp4
679,top-gear,top-gear_00329.mp4
680,top-gear,top-gear_00331.mp4
681,top-gear,top-gear_00333.mp4
682,top-gear,top-gear_00335.mp4
683,top-gear,top-gear_00337.mp4
684,top-gear,top-gear_00339.mp4
685,top-gear,top-gear_00341.mp4
686,top-gear,top-gear_00343.mp4
687,top-gear,top-gear_00345.mp4
688,top-gear,top-gear_00347.mp4
689,top-gear,top-gear_00349.mp4
690,top-gear,top-gear_00351.mp4
691,top-gear,top-gear_00353.mp4
692,top-gear,top-gear_00355.mp4
693,top-gear,top-gear_00357.mp4
694,top-gear,top-gear_00359.mp4
695,top-gear,top-gear_00361.mp4
696,top-gear,top-gear_00363.mp4
697,top-gear,top-gear_00365.mp4
698,top-gear,top-gear_00367.mp4
699,top-gear,top-gear_00369.mp4
700,top-gear,top-gear_00371.mp4
701,top-gear,top-gear_00373.mp4
702,top-gear,top-gear_00375.mp4
703,top-gear,top-gear_00377.mp4
704,top-gear,top-gear_00379.mp4
705,top-gear,top-gear_00381.mp4
706,top-gear,top-gear_00383.mp4
707,top-gear,top-gear_00385.mp4
708,top-gear,top-gear_00387.mp4
709,top-gear,top-gear_00389.mp4
710,top-gear,top-gear_00391.mp4
711,top-gear,top-gear_00393.mp4
712,top-gear,top-gear_00395.mp4
713,top-gear,top-gear_00397.mp4
714,top-gear,top-gear_00399.mp4
715,top-gear,top-gear_00401.mp4
716,top-gear,top-gear_00403.mp4
717,top-gear,top-gear_00405.mp4
718,top-gear,top-gear_00407.mp4
719,top-gear,top-gear_00409.mp4
720,top-gear,top-gear_00411.mp4
721,top-gear,top-gear_00413.mp4
722,top-gear,top-gear_00415.mp4
723,top-gear,top-gear_00417.mp4
724,top-gear,top-gear_00419.mp4
725,top-gear,top-gear_00421.mp4
726,top-gear,top-gear_00423.mp4
727,top-gear,top-gear_00425.mp4
728,top-gear,top-gear_00427.mp4
729,top-gear,top-gear_00429.mp4
730,top-gear,top-gear_00431.mp4
731,top-gear,top-gear_00433.mp4
732,top-gear,top-gear_00435.mp4
733,top-gear,top-gear_00437.mp4
734,top-gear,top-gear_00439.mp4
735,top-gear,top-gear_00441.mp4
736,top-gear,top-gear_00443.mp4
737,top-gear,top-gear_00445.mp4
738,top-gear,top-gear_00447.mp4
739,top-gear,top-gear_00449.mp4
740,top-gear,top-gear_00451.mp4
741,top-gear,top-gear_00453.mp4
742,top-gear,top-gear_00455.mp4
743,top-gear,top-gear_00457.mp4
744,top-gear,top-gear_00459.mp4
745,top-gear,top-gear_00461.mp4
746,top-gear,top-gear_00463.mp4
747,top-gear,top-gear_00465.mp4
748,top-gear,top-gear_00467.mp4
749,top-gear,top-gear_00469.mp4
750,top-gear,top-gear_00471.mp4
751,top-gear,top-gear_00473.mp4
752,top-gear,top-gear_00475.mp4
753,top-gear,top-gear_00477.mp4
754,top-gear,top-gear_00479.mp4
755,top-gear,top-gear_00481.mp4
756,top-gear,top-gear_00483.mp4
757,top-gear,top-gear_00485.mp4
758,top-gear,top-gear_00487.mp4
759,top-gear,top-gear_00489.mp4
760,top-gear,top-gear_00491.mp4
761,top-gear,top-gear_00493.mp4
762,top-gear,top-gear_00495.mp4
763,top-gear,top-gear_00497.mp4
764,top-gear,top-gear_00499.mp4
765,top-gear,top-gear_00501.mp4
766,top-gear,top-gear_00503.mp4
767,top-gear,top-gear_00505.mp4
768,top-gear,top-gear_00507.mp4
769,top-gear,top-gear_00509.mp4
770,top-gear,top-gear_00511.mp4
771,top-gear,top-gear_00513.mp4
772,top-gear,top-gear_00515.mp4
773,top-gear,top-gear_00517.mp4
774,top-gear,top-gear_00519.mp4
775,top-gear,top-gear_00521.mp4
776,top-gear,top-gear_00523.mp4
777,top-gear,top-gear_00525.mp4
778,top-gear,top-gear_00527.mp4
779,top-gear,top-gear_00529.mp4
780,top-gear,top-gear_00531.mp4
781,top-gear,top-gear_00533.mp4
782,top-gear,top-gear_00535.mp4
783,top-gear,top-gear_00537.mp4
784,top-gear,top-gear_00539.mp4
785,top-gear,top-gear_00541.mp4
786,top-gear,top-gear_00543.mp4
787,top-gear,top-gear_00545.mp4
788,top-gear,top-gear_00547.mp4
789,top-gear,top-gear_00549.mp4
790,top-gear,top-gear_00551.mp4
791,top-gear,top-gear_00553.mp4
792,top-gear,top-gear_00555.mp4
793,top-gear,top-gear_00557.mp4
794,top-gear,top-gear_00559.mp4
795,top-gear,top-gear_00561.mp4
796,top-gear,top-gear_00563.mp4
797,top-gear,top-gear_00565.mp4
798,top-gear,top-gear_00567.mp4
799,top-gear,top-gear_00569.mp4
800,top-gear,top-gear_00571.mp4
801,top-gear,top-gear_00573.mp4
802,top-gear,top-gear_00575.mp4
803,top-gear,top-gear_00577.mp4
804,top-gear,top-gear_00579.mp4
805,top-gear,top-gear_00581.mp4
806,top-gear,top-gear_00583.mp4
807,top-gear,top-gear_00585.mp4
808,top-gear,top-gear_00587.mp4
809,top-gear,top-gear_00589.mp4
810,top-gear,top-gear_00591.mp4
811,top-gear,top-gear_00593.mp4
812,top-gear,top-gear_00595.mp4
813,top-gear,top-gear_00597.mp4
814,top-gear,top-gear_00599.mp4
815,top-gear,top-gear_00601.mp4
816,top-gear,top-gear_00603.mp4
817,top-gear,top-gear_00605.mp4
818,top-gear,top-gear_00607.mp4
819,top-gear,top-gear_00609.mp4
820,top-gear,top-gear_00611.mp4
821,top-gear,top-gear_00613.mp4
822,top-gear,top-gear_00615.mp4
823,top-gear,top-gear_00617.mp4
824,top-gear,top-gear_00619.mp4
825,top-gear,top-gear_00621.mp4
826,top-gear,top-gear_00623.mp4
827,top-gear,top-gear_00625.mp4
828,top-gear,top-gear_00627.mp4
829,top-gear,top-gear_00629.mp4
830,top-gear,top-gear_00631.mp4
831,top-gear,top-gear_00633.mp4
832,top-gear,top-gear_00635.mp4
833,top-gear,top-gear_00637.mp4
834,top-gear,top-gear_00639.mp4
835,top-gear,top-gear_00641.mp4
836,top-gear,top-gear_00643.mp4
837,top-gear,top-gear_00645.mp4
838,top-gear,top-gear_00647.mp4
839,top-gear,top-gear_00649.mp4
840,top-gear,top-gear_00651.mp4
841,top-gear,top-gear_00653.mp4
842,top-gear,top-gear_00655.mp4
843,top-gear,top-gear_00657.mp4
844,top-gear,top-gear_00659.mp4
845,top-gear,top-gear_00661.mp4
846,top-gear,top-gear_00663.mp4
847,top-gear,top-gear_00665.mp4
848,top-gear,top-gear_00667.mp4
849,top-gear,top-gear_00669.mp4
850,top-gear,top-gear_00671.mp4
851,top-gear,top-gear_00673.mp4
852,top-gear,top-gear_00675.mp4
853,top-gear,top-gear_00677.mp4
854,top-gear,top-gear_00679.mp4
855,top-gear,top-gear_00681.mp4
856,top-gear,top-gear_00683.mp4
857,top-gear,top-gear_00685.mp4
858,top-gear,top-gear_00687.mp4
859,top-gear,top-gear_00689.mp4
860,top-gear,top-gear_00691.mp4
861,toy-story-1996,toy-story-1996_00001.mp4
862,toy-story-1996,toy-story-1996_00003.mp4
863,toy-story-1996,toy-story-1996_00005.mp4
864,toy-story-1996,toy-story-1996_00007.mp4
865,toy-story-1996,toy-story-1996_00009.mp4
866,toy-story-1996,toy-story-1996_00011.mp4
867,toy-story-1996,toy-story-1996_00013.mp4
868,toy-story-1996,toy-story-1996_00015.mp4
869,toy-story-1996,toy-story-1996_00017.mp4
870,toy-story-1996,toy-story-1996_00019.mp4
871,toy-story-1996,toy-story-1996_00021.mp4
872,toy-story-1996,toy-story-1996_00023.mp4
873,toy-story-1996,toy-story-1996_00025.mp4
874,toy-story-1996,toy-story-1996_00027.mp4
875,toy-story-1996,toy-story-1996_00029.mp4
876,toy-story-1996,toy-story-1996_00031.mp4
877,toy-story-1996,toy-story-1996_00033.mp4
878,toy-story-1996,toy-story-1996_00035.mp4
879,toy-story-1996,toy-story-1996_00037.mp4
880,toy-story-1996,toy-story-1996_00039.mp4
881,toy-story-1996,toy-story-1996_00041.mp4
882,toy-story-1996,toy-story-1996_00043.mp4
883,toy-story-1996,toy-story-1996_00045.mp4
884,toy-story-1996,toy-story-1996_00047.mp4
885,toy-story-1996,toy-story-1996_00049.mp4
886,toy-story-1996,toy-story-1996_00051.mp4
887,toy-story-1996,toy-story-1996_00053.mp4
888,toy-story-1996,toy-story-1996_00055.mp4
889,toy-story-1996,toy-story-1996_00057.mp4
890,toy-story-1996,toy-story-1996_00059.mp4
891,toy-story-1996,toy-story-1996_00061.mp4
892,toy-story-1996,toy-story-1996_00063.mp4
893,toy-story-1996,toy-story-1996_00065.mp4
894,toy-story-1996,toy-story-1996_00067.mp4
895,toy-story-1996,toy-story-1996_00069.mp4
896,toy-story-1996,toy-story-1996_00071.mp4
897,toy-story-1996,toy-story-1996_00073.mp4
898,toy-story-1996,toy-story-1996_00075.mp4
899,toy-story-1996,toy-story-1996_00077.mp4
900,toy-story-1996,toy-story-1996_00079.mp4
901,toy-story-1996,toy-story-1996_00081.mp4
902,toy-story-1996,toy-story-1996_00083.mp4
903,toy-story-1996,toy-story-1996_00085.mp4
904,toy-story-1996,toy-story-1996_00087.mp4
905,toy-story-1996,toy-story-1996_00089.mp4
906,toy-story-1996,toy-story-1996_00091.mp4
907,toy-story-1996,toy-story-1996_00093.mp4
908,toy-story-1996,toy-story-1996_00095.mp4
909,toy-story-1996,toy-story-1996_00097.mp4
910,toy-story-1996,toy-story-1996_00099.mp4
911,toy-story-1996,toy-story-1996_00101.mp4
912,toy-story-1996,toy-story-1996_00103.mp4
913,toy-story-1996,toy-story-1996_00105.mp4
914,toy-story-1996,toy-story-1996_00107.mp4
915,toy-story-1996,toy-story-1996_00109.mp4
916,toy-story-1996,toy-story-1996_00111.mp4
917,toy-story-1996,toy-story-1996_00113.mp4
918,toy-story-1996,toy-story-1996_00115.mp4
919,toy-story-1996,toy-story-1996_00117.mp4
920,toy-story-1996,toy-story-1996_00119.mp4
921,toy-story-1996,toy-story-1996_00121.mp4
922,toy-story-1996,toy-story-1996_00123.mp4
923,toy-story-1996,toy-story-1996_00125.mp4
924,toy-story-1996,toy-story-1996_00127.mp4
925,toy-story-1996,toy-story-1996_00129.mp4
926,toy-story-1996,toy-story-1996_00131.mp4
927,toy-story-1996,toy-story-1996_00133.mp4
928,toy-story-1996,toy-story-1996_00135.mp4
929,toy-story-1996,toy-story-1996_00137.mp4
930,toy-story-1996,toy-story-1996_00139.mp4
931,toy-story-1996,toy-story-1996_00141.mp4
932,toy-story-1996,toy-story-1996_00143.mp4
933,toy-story-1996,toy-story-1996_00145.mp4
934,toy-story-1996,toy-story-1996_00147.mp4
935,toy-story-1996,toy-story-1996_00149.mp4
936,toy-story-1996,toy-story-1996_00151.mp4
937,toy-story-1996,toy-story-1996_00153.mp4
938,toy-story-1996,toy-story-1996_00155.mp4
939,toy-story-1996,toy-story-1996_00157.mp4
940,toy-story-1996,toy-story-1996_00159.mp4
941,toy-story-1996,toy-story-1996_00161.mp4
942,toy-story-1996,toy-story-1996_00163.mp4
943,toy-story-1996,toy-story-1996_00165.mp4
944,toy-story-1996,toy-story-1996_00167.mp4
945,toy-story-1996,toy-story-1996_00169.mp4
946,toy-story-1996,toy-story-1996_00171.mp4
947,toy-story-1996,toy-story-1996_00173.mp4
948,toy-story-1996,toy-story-1996_00175.mp4
949,toy-story-1996,toy-story-1996_00177.mp4
950,toy-story-1996,toy-story-1996_00179.mp4
951,toy-story-1996,toy-story-1996_00181.mp4
952,toy-story-1996,toy-story-1996_00183.mp4
953,toy-story-1996,toy-story-1996_00185.mp4
954,toy-story-1996,toy-story-1996_00187.mp4
955,toy-story-1996,toy-story-1996_00189.mp4
956,toy-story-1996,toy-story-1996_00191.mp4
957,toy-story-1996,toy-story-1996_00193.mp4
958,toy-story-1996,toy-story-1996_00195.mp4
959,toy-story-1996,toy-story-1996_00197.mp4
960,toy-story-1996,toy-story-1996_00199.mp4
961,toy-story-1996,toy-story-1996_00201.mp4
962,toy-story-1996,toy-story-1996_00203.mp4
963,toy-story-1996,toy-story-1996_00205.mp4
964,toy-story-1996,toy-story-1996_00207.mp4
965,toy-story-1996,toy-story-1996_00209.mp4
966,toy-story-1996,toy-story-1996_00211.mp4
967,toy-story-1996,toy-story-1996_00213.mp4
968,toy-story-1996,toy-story-1996_00215.mp4
969,toy-story-1996,toy-story-1996_00217.mp4
970,toy-story-1996,toy-story-1996_00219.mp4
971,toy-story-1996,toy-story-1996_00221.mp4
972,toy-story-1996,toy-story-1996_00223.mp4
973,toy-story-1996,toy-story-1996_00225.mp4
974,toy-story-1996,toy-story-1996_00227.mp4
975,toy-story-1996,toy-story-1996_00229.mp4
976,toy-story-1996,toy-story-1996_00231.mp4
977,toy-story-1996,toy-story-1996_00233.mp4
978,toy-story-1996,toy-story-1996_00235.mp4
979,toy-story-1996,toy-story-1996_00237.mp4
980,toy-story-1996,toy-story-1996_00239.mp4
981,toy-story-1996,toy-story-1996_00241.mp4
982,toy-story-1996,toy-story-1996_00243.mp4
983,toy-story-1996,toy-story-1996_00245.mp4
984,toy-story-1996,toy-story-1996_00247.mp4
985,toy-story-1996,toy-story-1996_00249.mp4
986,toy-story-1996,toy-story-1996_00251.mp4
987,toy-story-1996,toy-story-1996_00253.mp4
988,toy-story-1996,toy-story-1996_00255.mp4
989,toy-story-1996,toy-story-1996_00257.mp4
990,toy-story-1996,toy-story-1996_00259.mp4
991,toy-story-1996,toy-story-1996_00261.mp4
992,toy-story-1996,toy-story-1996_00263.mp4
993,toy-story-1996,toy-story-1996_00265.mp4
994,toy-story-1996,toy-story-1996_00267.mp4
995,toy-story-1996,toy-story-1996_00269.mp4
996,toy-story-1996,toy-story-1996_00271.mp4
997,toy-story-1996,toy-story-1996_00273.mp4
998,toy-story-1996,toy-story-1996_00275.mp4
999,toy-story-1996,toy-story-1996_00277.mp4
1000,toy-story-1996,toy-story-1996_00279.mp4
1001,toy-story-1996,toy-story-1996_00281.mp4
1002,toy-story-1996,toy-story-1996_00283.mp4
1003,toy-story-1996,toy-story-1996_00285.mp4
1004,toy-story-1996,toy-story-1996_00287.mp4
1005,toy-story-1996,toy-story-1996_00289.mp4
1006,toy-story-1996,toy-story-1996_00291.mp4
1007,toy-story-1996,toy-story-1996_00293.mp4
1008,toy-story-1996,toy-story-1996_00295.mp4
1009,toy-story-1996,toy-story-1996_00297.mp4
1010,toy-story-1996,toy-story-1996_00299.mp4
1011,toy-story-1996,toy-story-1996_00301.mp4
1012,toy-story-1996,toy-story-1996_00303.mp4
1013,toy-story-1996,toy-story-1996_00305.mp4
1014,toy-story-1996,toy-story-1996_00307.mp4
1015,toy-story-1996,toy-story-1996_00309.mp4
1016,toy-story-1996,toy-story-1996_00311.mp4
1017,toy-story-1996,toy-story-1996_00313.mp4
1018,toy-story-1996,toy-story-1996_00315.mp4
1019,toy-story-1996,toy-story-1996_00317.mp4
1020,toy-story-1996,toy-story-1996_00319.mp4
1021,toy-story-1996,toy-story-1996_00321.mp4
1022,toy-story-1996,toy-story-1996_00323.mp4
1023,toy-story-1996,toy-story-1996_00325.mp4
1024,toy-story-1996,toy-story-1996_00327.mp4
1025,toy-story-1996,toy-story-1996_00329.mp4
1026,toy-story-1996,toy-story-1996_00331.mp4
1027,toy-story-1996,toy-story-1996_00333.mp4
1028,toy-story-1996,toy-story-1996_00335.mp4
1029,top-gear,top-gear_00001.mp4
1030,top-gear,top-gear_00003.mp4
1031,top-gear,top-gear_00005.mp4
1032,top-gear,top-gear_00007.mp4
1033,top-gear,top-gear_00009.mp4
1034,top-gear,top-gear_00011.mp4
1035,top-gear,top-gear_00013.mp4
1036,top-gear,top-gear_00015.mp4
1037,top-gear,top-gear_00017.mp4
1038,top-gear,top-gear_00019.mp4
1039,top-gear,top-gear_00021.mp4
1040,top-gear,top-gear_00023.mp4
1041,top-gear,top-gear_00025.mp4
1042,top-gear,top-gear_00027.mp4
1043,top-gear,top-gear_00029.mp4
1044,top-gear,top-gear_00031.mp4
1045,top-gear,top-gear_00033.mp4
1046,top-gear,top-gear_00035.mp4
1047,top-gear,top-gear_00037.mp4
1048,top-gear,top-gear_00039.mp4
1049,top-gear,top-gear_00041.mp4
1050,top-gear,top-gear_00043.mp4
1051,top-gear,top-gear_00045.mp4
1052,top-gear,top-gear_00047.mp4
1053,top-gear,top-gear_00049.mp4
1054,top-gear,top-gear_00051.mp4
1055,top-gear,top-gear_00053.mp4
1056,top-gear,top-gear_00055.mp4
1057,top-gear,top-gear_00057.mp4
1058,top-gear,top-gear_00059.mp4
1059,top-gear,top-gear_00061.mp4
1060,top-gear,top-gear_00063.mp4
1061,top-gear,top-gear_00065.mp4
1062,top-gear,top-gear_00067.mp4
1063,top-gear,top-gear_00069.mp4
1064,top-gear,top-gear_00071.mp4
1065,top-gear,top-gear_00073.mp4
1066,top-gear,top-gear_00075.mp4
1067,top-gear,top-gear_00077.mp4
1068,top-gear,top-gear_00079.mp4
1069,top-gear,top-gear_00081.mp4
1070,top-gear,top-gear_00083.mp4
1071,top-gear,top-gear_00085.mp4
1072,top-gear,top-gear_00087.mp4
1073,top-gear,top-gear_00089.mp4
1074,top-gear,top-gear_00091.mp4
1075,top-gear,top-gear_00093.mp4
1076,top-gear,top-gear_00095.mp4
1077,top-gear,top-gear_00097.mp4
1078,top-gear,top-gear_00099.mp4
1079,top-gear,top-gear_00101.mp4
1080,top-gear,top-gear_00103.mp4
1081,top-gear,top-gear_00105.mp4
1082,top-gear,top-gear_00107.mp4
1083,top-gear,top-gear_00109.mp4
1084,top-gear,top-gear_00111.mp4
1085,top-gear,top-gear_00113.mp4
1086,top-gear,top-gear_00115.mp4
1087,top-gear,top-gear_00117.mp4
1088,top-gear,top-gear_00119.mp4
1089,top-gear,top-gear_00121.mp4
1090,top-gear,top-gear_00123.mp4
1091,top-gear,top-gear_00125.mp4
1092,top-gear,top-gear_00127.mp4
1093,top-gear,top-gear_00129.mp4
1094,top-gear,top-gear_00131.mp4
1095,top-gear,top-gear_00133.mp4
1096,top-gear,top-gear_00135.mp4
1097,top-gear,top-gear_00137.mp4
1098,top-gear,top-gear_00139.mp4
1099,top-gear,top-gear_00141.mp4
1100,top-gear,top-gear_00143.mp4
1101,top-gear,top-gear_00145.mp4
1102,top-gear,top-gear_00147.mp4
1103,top-gear,top-gear_00149.mp4
1104,top-gear,top-gear_00151.mp4
1105,top-gear,top-gear_00153.mp4
1106,top-gear,top-gear_00155.mp4
1107,top-gear,top-gear_00157.mp4
1108,top-gear,top-gear_00159.mp4
1109,top-gear,top-gear_00161.mp4
1110,top-gear,top-gear_00163.mp4
1111,top-gear,top-gear_00165.mp4
1112,top-gear,top-gear_00167.mp4
1113,top-gear,top-gear_00169.mp4
1114,top-gear,top-gear_00171.mp4
1115,top-gear,top-gear_00173.mp4
1116,top-gear,top-gear_00175.mp4
1117,top-gear,top-gear_00177.mp4
1118,top-gear,top-gear_00179.mp4
1119,top-gear,top-gear_00181.mp4
1120,top-gear,top-gear_00183.mp4
1121,top-gear,top-gear_00185.mp4
1122,top-gear,top-gear_00187.mp4
1123,top-gear,top-gear_00189.mp4
1124,top-gear,top-gear_00191.mp4
1125,top-gear,top-gear_00193.mp4
1126,top-gear,top-gear_00195.mp4
1127,top-gear,top-gear_00197.mp4
1128,top-gear,top-gear_00199.mp4
1129,top-gear,top-gear_00201.mp4
1130,top-gear,top-gear_00203.mp4
1131,top-gear,top-gear_00205.mp4
1132,top-gear,top-gear_00207.mp4
1133,top-gear,top-gear_00209.mp4
1134,top-gear,top-gear_00211.mp4
1135,top-gear,top-gear_00213.mp4
1136,top-gear,top-gear_00215.mp4
1137,top-gear,top-gear_00217.mp4
1138,top-gear,top-gear_00219.mp4
1139,top-gear,top-gear_00221.mp4
1140,top-gear,top-gear_00223.mp4
1141,top-gear,top-gear_00225.mp4
1142,top-gear,top-gear_00227.mp4
1143,top-gear,top-gear_00229.mp4
1144,top-gear,top-gear_00231.mp4
1145,top-gear,top-gear_00233.mp4
1146,top-gear,top-gear_00235.mp4
1147,top-gear,top-gear_00237.mp4
1148,top-gear,top-gear_00239.mp4
1149,top-gear,top-gear_00241.mp4
1150,top-gear,top-gear_00243.mp4
1151,top-gear,top-gear_00245.mp4
1152,top-gear,top-gear_00247.mp4
1153,top-gear,top-gear_00249.mp4
1154,top-gear,top-gear_00251.mp4
1155,top-gear,top-gear_00253.mp4
1156,top-gear,top-gear_00255.mp4
1157,top-gear,top-gear_00257.mp4
1158,top-gear,top-gear_00259.mp4
1159,top-gear,top-gear_00261.mp4
1160,top-gear,top-gear_00263.mp4
1161,top-gear,top-gear_00265.mp4
1162,top-gear,top-gear_00267.mp4
1163,top-gear,top-gear_00269.mp4
1164,top-gear,top-gear_00271.mp4
1165,top-gear,top-gear_00273.mp4
1166,top-gear,top-gear_00275.mp4
1167,top-gear,top-gear_00277.mp4
1168,top-gear,top-gear_00279.mp4
1169,top-gear,top-gear_00281.mp4
1170,top-gear,top-gear_00283.mp4
1171,top-gear,top-gear_00285.mp4
1172,top-gear,top-gear_00287.mp4
1173,top-gear,top-gear_00289.mp4
1174,top-gear,top-gear_00291.mp4
1175,top-gear,top-gear_00293.mp4
1176,top-gear,top-gear_00295.mp4
1177,top-gear,top-gear_00297.mp4
1178,top-gear,top-gear_00299.mp4
1179,top-gear,top-gear_00301.mp4
1180,top-gear,top-gear_00303.mp4
1181,top-gear,top-gear_00305.mp4
1182,top-gear,top-gear_00307.mp4
1183,top-gear,top-gear_00309.mp4
1184,top-gear,top-gear_00311.mp4
1185,top-gear,top-gear_00313.mp4
1186,top-gear,top-gear_00315.mp4
1187,top-gear,top-gear_00317.mp4
1188,top-gear,top-gear_00319.mp4
1189,top-gear,top-gear_00321.mp4
1190,top-gear,top-gear_00323.mp4
1191,top-gear,top-gear_00325.mp4
1192,top-gear,top-gear_00327.mp4
1193,top-gear,top-gear_00329.mp4
1194,top-gear,top-gear_00331.mp4
1195,top-gear,top-gear_00333.mp4
1196,top-gear,top-gear_00335.mp4
1197,top-gear,top-gear_00337.mp4
1198,top-gear,top-gear_00339.mp4
1199,top-gear,top-gear_00341.mp4
1200,top-gear,top-gear_00343.mp4
1201,top-gear,top-gear_00345.mp4
1202,top-gear,top-gear_00347.mp4
1203,top-gear,top-gear_00349.mp4
1204,top-gear,top-gear_00351.mp4
1205,top-gear,top-gear_00353.mp4
1206,top-gear,top-gear_00355.mp4
1207,top-gear,top-gear_00357.mp4
1208,top-gear,top-gear_00359.mp4
1209,top-gear,top-gear_00361.mp4
1210,top-gear,top-gear_00363.mp4
1211,top-gear,top-gear_00365.mp4
1212,top-gear,top-gear_00367.mp4
1213,top-gear,top-gear_00369.mp4
1214,top-gear,top-gear_00371.mp4
1215,top-gear,top-gear_00373.mp4
1216,top-gear,top-gear_00375.mp4
1217,top-gear,top-gear_00377.mp4
1218,top-gear,top-gear_00379.mp4
1219,top-gear,top-gear_00381.mp4
1220,top-gear,top-gear_00383.mp4
1221,top-gear,top-gear_00385.mp4
1222,top-gear,top-gear_00387.mp4
1223,top-gear,top-gear_00389.mp4
1224,top-gear,top-gear_00391.mp4
1225,top-gear,top-gear_00393.mp4
1226,top-gear,top-gear_00395.mp4
1227,top-gear,top-gear_00397.mp4
1228,top-gear,top-gear_00399.mp4
1229,top-gear,top-gear_00401.mp4
1230,top-gear,top-gear_00403.mp4
1231,top-gear,top-gear_00405.mp4
1232,top-gear,top-gear_00407.mp4
1233,top-gear,top-gear_00409.mp4
1234,top-gear,top-gear_00411.mp4
1235,top-gear,top-gear_00413.mp4
1236,top-gear,top-gear_00415.mp4
1237,top-gear,top-gear_00417.mp4
1238,top-gear,top-gear_00419.mp4
1239,top-gear,top-gear_00421.mp4
1240,top-gear,top-gear_00423.mp4
1241,top-gear,top-gear_00425.mp4
1242,top-gear,top-gear_00427.mp4
1243,top-gear,top-gear_00429.mp4
1244,top-gear,top-gear_00431.mp4
1245,top-gear,top-gear_00433.mp4
1246,top-gear,top-gear_00435.mp4
1247,top-gear,top-gear_00437.mp4
1248,top-gear,top-gear_00439.mp4
1249,top-gear,top-gear_00441.mp4
1250,top-gear,top-gear_00443.mp4
1251,top-gear,top-gear_00445.mp4
1252,top-gear,top-gear_00447.mp4
1253,top-gear,top-gear_00449.mp4
1254,top-gear,top-gear_00451.mp4
1255,top-gear,top-gear_00453.mp4
1256,top-gear,top-gear_00455.mp4
1257,top-gear,top-gear_00457.mp4
1258,top-gear,top-gear_00459.mp4
1259,top-gear,top-gear_00461.mp4
1260,top-gear,top-gear_00463.mp4
1261,top-gear,top-gear_00465.mp4
1262,top-gear,top-gear_00467.mp4
1263,top-gear,top-gear_00469.mp4
1264,top-gear,top-gear_00471.mp4
1265,top-gear,top-gear_00473.mp4
1266,top-gear,top-gear_00475.mp4
1267,top-gear,top-gear_00477.mp4
1268,top-gear,top-gear_00479.mp4
1269,top-gear,top-gear_00481.mp4
1270,top-gear,top-gear_00483.mp4
1271,top-gear,top-gear_00485.mp4
1272,top-gear,top-gear_00487.mp4
1273,top-gear,top-gear_00489.mp4
1274,top-gear,top-gear_00491.mp4
1275,top-gear,top-gear_00493.mp4
1276,top-gear,top-gear_00495.mp4
1277,top-gear,top-gear_00497.mp4
1278,top-gear,top-gear_00499.mp4
1279,top-gear,top-gear_00501.mp4
1280,top-gear,top-gear_00503.mp4
1281,top-gear,top-gear_00505.mp4
1282,top-gear,top-gear_00507.mp4
1283,top-gear,top-gear_00509.mp4
1284,top-gear,top-gear_00511.mp4
1285,top-gear,top-gear_00513.mp4
1286,top-gear,top-gear_00515.mp4
1287,top-gear,top-gear_00517.mp4
1288,top-gear,top-gear_00519.mp4
1289,top-gear,top-gear_00521.mp4
1290,top-gear,top-gear_00523.mp4
1291,top-gear,top-gear_00525.mp4
1292,top-gear,top-gear_00527.mp4
1293,top-gear,top-gear_00529.mp4
1294,top-gear,top-gear_00531.mp4
1295,top-gear,top-gear_00533.mp4
1296,top-gear,top-gear_00535.mp4
1297,top-gear,top-gear_00537.mp4
1298,top-gear,top-gear_00539.mp4
1299,top-gear,top-gear_00541.mp4
1300,top-gear,top-gear_00543.mp4
1301,top-gear,top-gear_00545.mp4
1302,top-gear,top-gear_00547.mp4
1303,top-gear,top-gear_00549.mp4
1304,top-gear,top-gear_00551.mp4
1305,top-gear,top-gear_00553.mp4
1306,top-gear,top-gear_00555.mp4
1307,top-gear,top-gear_00557.mp4
1308,top-gear,top-gear_00559.mp4
1309,top-gear,top-gear_00561.mp4
1310,top-gear,top-gear_00563.mp4
1311,top-gear,top-gear_00565.mp4
1312,top-gear,top-gear_00567.mp4
1313,top-gear,top-gear_00569.mp4
1314,top-gear,top-gear_00571.mp4
1315,top-gear,top-gear_00573.mp4
1316,top-gear,top-gear_00575.mp4
1317,top-gear,top-gear_00577.mp4
1318,top-gear,top-gear_00579.mp4
1319,top-gear,top-gear_00581.mp4
1320,top-gear,top-gear_00583.mp4
1321,top-gear,top-gear_00585.mp4
1322,top-gear,top-gear_00587.mp4
1323,top-gear,top-gear_00589.mp4
1324,top-gear,top-gear_00591.mp4
1325,top-gear,top-gear_00593.mp4
1326,top-gear,top-gear_00595.mp4
1327,top-gear,top-gear_00597.mp4
1328,top-gear,top-gear_00599.mp4
1329,top-gear,top-gear_00601.mp4
1330,top-gear,top-gear_00603.mp4
1331,top-gear,top-gear_00605.mp4
1332,top-gear,top-gear_00607.mp4
1333,top-gear,top-gear_00609.mp4
1334,top-gear,top-gear_00611.mp4
1335,top-gear,top-gear_00613.mp4
1336,top-gear,top-gear_00615.mp4
1337,top-gear,top-gear_00617.mp4
1338,top-gear,top-gear_00619.mp4
1339,top-gear,top-gear_00621.mp4
1340,top-gear,top-gear_00623.mp4
1341,top-gear,top-gear_00625.mp4
1342,top-gear,top-gear_00627.mp4
1343,top-gear,top-gear_00629.mp4
1344,top-gear,top-gear_00631.mp4
1345,top-gear,top-gear_00633.mp4
1346,top-gear,top-gear_00635.mp4
1347,top-gear,top-gear_00637.mp4
1348,top-gear,top-gear_00639.mp4
1349,top-gear,top-gear_00641.mp4
1350,top-gear,top-gear_00643.mp4
1351,top-gear,top-gear_00645.mp4
1352,top-gear,top-gear_00647.mp4
1353,top-gear,top-gear_00649.mp4
1354,top-gear,top-gear_00651.mp4
1355,top-gear,top-gear_00653.mp4
1356,top-gear,top-gear_00655.mp4
1357,top-gear,top-gear_00657.mp4
1358,top-gear,top-gear_00659.mp4
1359,top-gear,top-gear_00661.mp4
1360,top-gear,top-gear_00663.mp4
1361,top-gear,top-gear_00665.mp4
1362,top-gear,top-gear_00667.mp4
1363,top-gear,top-gear_00669.mp4
1364,top-gear,top-gear_00671.mp4
1365,top-gear,top-gear_00673.mp4
1366,top-gear,top-gear_00675.mp4
1367,top-gear,top-gear_00677.mp4
1368,top-gear,top-gear_00679.mp4
1369,top-gear,top-gear_00681.mp4
1370,top-gear,top-gear_00683.mp4
1371,top-gear,top-gear_00685.mp4
1372,top-gear,top-gear_00687.mp4
1373,top-gear,top-gear_00689.mp4
1374,top-gear,top-gear_00691.mp4
1375,toy-story-1996,toy-story-1996_00001.mp4
1376,toy-story-1996,toy-story-1996_00003.mp4
1377,toy-story-1996,toy-story-1996_00005.mp4
1378,toy-story-1996,toy-story-1996_00007.mp4
1379,toy-story-1996,toy-story-1996_00009.mp4
1380,toy-story-1996,toy-story-1996_00011.mp4
1381,toy-story-1996,toy-story-1996_00013.mp4
1382,toy-story-1996,toy-story-1996_00015.mp4
1383,toy-story-1996,toy-story-1996_00017.mp4
1384,toy-story-1996,toy-story-1996_00019.mp4
1385,toy-story-1996,toy-story-1996_00021.mp4
1386,toy-story-1996,toy-story-1996_00023.mp4
1387,toy-story-1996,toy-story-1996_00025.mp4
1388,toy-story-1996,toy-story-1996_00027.mp4
1389,toy-story-1996,toy-story-1996_00029.mp4
1390,toy-story-1996,toy-story-1996_00031.mp4
1391,toy-story-1996,toy-story-1996_00033.mp4
1392,toy-story-1996,toy-story-1996_00035.mp4
1393,toy-story-1996,toy-story-1996_00037.mp4
1394,toy-story-1996,toy-story-1996_00039.mp4
1395,toy-story-1996,toy-story-1996_00041.mp4
1396,toy-story-1996,toy-story-1996_00043.mp4
1397,toy-story-1996,toy-story-1996_00045.mp4
1398,toy-story-1996,toy-story-1996_00047.mp4
1399,toy-story-1996,toy-story-1996_00049.mp4
1400,toy-story-1996,toy-story-1996_00051.mp4
1401,toy-story-1996,toy-story-1996_00053.mp4
1402,toy-story-1996,toy-story-1996_00055.mp4
1403,toy-story-1996,toy-story-1996_00057.mp4
1404,toy-story-1996,toy-story-1996_00059.mp4
1405,toy-story-1996,toy-story-1996_00061.mp4
1406,toy-story-1996,toy-story-1996_00063.mp4
1407,toy-story-1996,toy-story-1996_00065.mp4
1408,toy-story-1996,toy-story-1996_00067.mp4
1409,toy-story-1996,toy-story-1996_00069.mp4
1410,toy-story-1996,toy-story-1996_00071.mp4
1411,toy-story-1996,toy-story-1996_00073.mp4
1412,toy-story-1996,toy-story-1996_00075.mp4
1413,toy-story-1996,toy-story-1996_00077.mp4
1414,toy-story-1996,toy-story-1996_00079.mp4
1415,toy-story-1996,toy-story-1996_00081.mp4
1416,toy-story-1996,toy-story-1996_00083.mp4
1417,toy-story-1996,toy-story-1996_00085.mp4
1418,toy-story-1996,toy-story-1996_00087.mp4
1419,toy-story-1996,toy-story-1996_00089.mp4
1420,toy-story-1996,toy-story-1996_00091.mp4
1421,toy-story-1996,toy-story-1996_00093.mp4
1422,toy-story-1996,toy-story-1996_00095.mp4
1423,toy-story-1996,toy-story-1996_00097.mp4
1424,toy-story-1996,toy-story-1996_00099.mp4
1425,toy-story-1996,toy-story-1996_00101.mp4
1426,toy-story-1996,toy-story-1996_00103.mp4
1427,toy-story-1996,toy-story-1996_00105.mp4
1428,toy-story-1996,toy-story-1996_00107.mp4
1429,toy-story-1996,toy-story-1996_00109.mp4
1430,toy-story-1996,toy-story-1996_00111.mp4
1431,toy-story-1996,toy-story-1996_00113.mp4
1432,toy-story-1996,toy-story-1996_00115.mp4
1433,toy-story-1996,toy-story-1996_00117.mp4
1434,toy-story-1996,toy-story-1996_00119.mp4
1435,toy-story-1996,toy-story-1996_00121.mp4
1436,toy-story-1996,toy-story-1996_00123.mp4
1437,toy-story-1996,toy-story-1996_00125.mp4
1438,toy-story-1996,toy-story-1996_00127.mp4
1439,toy-story-1996,toy-story-1996_00129.mp4
1440,toy-story-1996,toy-story-1996_00131.mp4
1441,toy-story-1996,toy-story-1996_00133.mp4
1442,toy-story-1996,toy-story-1996_00135.mp4
1443,toy-story-1996,toy-story-1996_00137.mp4
1444,toy-story-1996,toy-story-1996_00139.mp4
1445,toy-story-1996,toy-story-1996_00141.mp4
1446,toy-story-1996,toy-story-1996_00143.mp4
1447,toy-story-1996,toy-story-1996_00145.mp4
1448,toy-story-1996,toy-story-1996_00147.mp4
1449,toy-story-1996,toy-story-1996_00149.mp4
1450,toy-story-1996,toy-story-1996_00151.mp4
1451,toy-story-1996,toy-story-1996_00153.mp4
1452,toy-story-1996,toy-story-1996_00155.mp4
1453,toy-story-1996,toy-story-1996_00157.mp4
1454,toy-story-1996,toy-story-1996_00159.mp4
1455,toy-story-1996,toy-story-1996_00161.mp4
1456,toy-story-1996,toy-story-1996_00163.mp4
1457,toy-story-1996,toy-story-1996_00165.mp4
1458,toy-story-1996,toy-story-1996_00167.mp4
1459,toy-story-1996,toy-story-1996_00169.mp4
1460,toy-story-1996,toy-story-1996_00171.mp4
1461,toy-story-1996,toy-story-1996_00173.mp4
1462,toy-story-1996,toy-story-1996_00175.mp4
1463,toy-story-1996,toy-story-1996_00177.mp4
1464,toy-story-1996,toy-story-1996_00179.mp4
1465,toy-story-1996,toy-story-1996_00181.mp4
1466,toy-story-1996,toy-story-1996_00183.mp4
1467,toy-story-1996,toy-story-1996_00185.mp4
1468,toy-story-1996,toy-story-1996_00187.mp4
1469,toy-story-1996,toy-story-1996_00189.mp4
1470,toy-story-1996,toy-story-1996_00191.mp4
1471,toy-story-1996,toy-story-1996_00193.mp4
1472,toy-story-1996,toy-story-1996_00195.mp4
1473,toy-story-1996,toy-story-1996_00197.mp4
1474,toy-story-1996,toy-story-1996_00199.mp4
1475,toy-story-1996,toy-story-1996_00201.mp4
1476,toy-story-1996,toy-story-1996_00203.mp4
1477,toy-story-1996,toy-story-1996_00205.mp4
1478,toy-story-1996,toy-story-1996_00207.mp4
1479,toy-story-1996,toy-story-1996_00209.mp4
1480,toy-story-1996,toy-story-1996_00211.mp4
1481,toy-story-1996,toy-story-1996_00213.mp4
1482,toy-story-1996,toy-story-1996_00215.mp4
1483,toy-story-1996,toy-story-1996_00217.mp4
1484,toy-story-1996,toy-story-1996_00219.mp4
1485,toy-story-1996,toy-story-1996_00221.mp4
1486,toy-story-1996,toy-story-1996_00223.mp4
1487,toy-story-1996,toy-story-1996_00225.mp4
1488,toy-story-1996,toy-story-1996_00227.mp4
1489,toy-story-1996,toy-story-1996_00229.mp4
1490,toy-story-1996,toy-story-1996_00231.mp4
1491,toy-story-1996,toy-story-1996_00233.mp4
1492,toy-story-1996,toy-story-1996_00235.mp4
1493,toy-story-1996,toy-story-1996_00237.mp4
1494,toy-story-1996,toy-story-1996_00239.mp4
1495,toy-story-1996,toy-story-1996_00241.mp4
1496,toy-story-1996,toy-story-1996_00243.mp4
1497,toy-story-1996,toy-story-1996_00245.mp4
1498,toy-story-1996,toy-story-1996_00247.mp4
1499,toy-story-1996,toy-story-1996_00249.mp4
1500,toy-story-1996,toy-story-1996_00251.mp4
1501,toy-story-1996,toy-story-1996_00253.mp4
1502,toy-story-1996,toy-story-1996_00255.mp4
1503,toy-story-1996,toy-story-1996_00257.mp4
1504,toy-story-1996,toy-story-1996_00259.mp4
1505,toy-story-1996,toy-story-1996_00261.mp4
1506,toy-story-1996,toy-story-1996_00263.mp4
1507,toy-story-1996,toy-story-1996_00265.mp4
1508,toy-story-1996,toy-story-1996_00267.mp4
1509,toy-story-1996,toy-story-1996_00269.mp4
1510,toy-story-1996,toy-story-1996_00271.mp4
1511,toy-story-1996,toy-story-1996_00273.mp4
1512,toy-story-1996,toy-story-1996_00275.mp4
1513,toy-story-1996,toy-story-1996_00277.mp4
1514,toy-story-1996,toy-story-1996_00279.mp4
1515,toy-story-1996,toy-story-1996_00281.mp4
1516,toy-story-1996,toy-story-1996_00283.mp4
1517,toy-story-1996,toy-story-1996_00285.mp4
1518,toy-story-1996,toy-story-1996_00287.mp4
1519,toy-story-1996,toy-story-1996_00289.mp4
1520,toy-story-1996,toy-story-1996_00291.mp4
1521,toy-story-1996,toy-story-1996_00293.mp4
1522,toy-story-1996,toy-story-1996_00295.mp4
1523,toy-story-1996,toy-story-1996_00297.mp4
1524,toy-story-1996,toy-story-1996_00299.mp4
1525,toy-story-1996,toy-story-1996_00301.mp4
1526,toy-story-1996,toy-story-1996_00303.mp4
1527,toy-story-1996,toy-story-1996_00305.mp4
1528,toy-story-1996,toy-story-1996_00307.mp4
1529,toy-story-1996,toy-story-1996_00309.mp4
1530,toy-story-1996,toy-story-1996_00311.mp4
1531,toy-story-1996,toy-story-1996_00313.mp4
1532,toy-story-1996,toy-story-1996_00315.mp4
1533,toy-story-1996,toy-story-1996_00317.mp4
1534,toy-story-1996,toy-story-1996_00319.mp4
1535,toy-story-1996,toy-story-1996_00321.mp4
1536,toy-story-1996,toy-story-1996_00323.mp4
1537,toy-story-1996,toy-story-1996_00325.mp4
1538,toy-story-1996,toy-story-1996_00327.mp4
1539,toy-story-1996,toy-story-1996_00329.mp4
1540,toy-story-1996,toy-story-1996_00331.mp4
1541,toy-story-1996,toy-story-1996_00333.mp4
1542,toy-story-1996,toy-story-1996_00335.mp4
1543,top-gear,top-gear_00001.mp4
1544,top-gear,top-gear_00003.mp4
1545,top-gear,top-gear_00005.mp4
1546,top-gear,top-gear_00007.mp4
1547,top-gear,top-gear_00009.mp4
1548,top-gear,top-gear_00011.mp4
1549,top-gear,top-gear_00013.mp4
1550,top-gear,top-gear_00015.mp4
1551,top-gear,top-gear_00017.mp4
1552,top-gear,top-gear_00019.mp4
1553,top-gear,top-gear_00021.mp4
1554,top-gear,top-gear_00023.mp4
1555,top-gear,top-gear_00025.mp4
1556,top-gear,top-gear_00027.mp4
1557,top-gear,top-gear_00029.mp4
1558,top-gear,top-gear_00031.mp4
1559,top-gear,top-gear_00033.mp4
1560,top-gear,top-gear_00035.mp4
1561,top-gear,top-gear_00037.mp4
1562,top-gear,top-gear_00039.mp4
1563,top-gear,top-gear_00041.mp4
1564,top-gear,top-gear_00043.mp4
1565,top-gear,top-gear_00045.mp4
1566,top-gear,top-gear_00047.mp4
1567,top-gear,top-gear_00049.mp4
1568,top-gear,top-gear_00051.mp4
1569,top-gear,top-gear_00053.mp4
1570,top-gear,top-gear_00055.mp4
1571,top-gear,top-gear_00057.mp4
1572,top-gear,top-gear_00059.mp4
1573,top-gear,top-gear_00061.mp4
1574,top-gear,top-gear_00063.mp4
1575,top-gear,top-gear_00065.mp4
1576,top-gear,top-gear_00067.mp4
1577,top-gear,top-gear_00069.mp4
1578,top-gear,top-gear_00071.mp4
1579,top-gear,top-gear_00073.mp4
1580,top-gear,top-gear_00075.mp4
1581,top-gear,top-gear_00077.mp4
1582,top-gear,top-gear_00079.mp4
1583,top-gear,top-gear_00081.mp4
1584,top-gear,top-gear_00083.mp4
1585,top-gear,top-gear_00085.mp4
1586,top-gear,top-gear_00087.mp4
1587,top-gear,top-gear_00089.mp4
1588,top-gear,top-gear_00091.mp4
1589,top-gear,top-gear_00093.mp4
1590,top-gear,top-gear_00095.mp4
1591,top-gear,top-gear_00097.mp4
1592,top-gear,top-gear_00099.mp4
1593,top-gear,top-gear_00101.mp4
1594,top-gear,top-gear_00103.mp4
1595,top-gear,top-gear_00105.mp4
1596,top-gear,top-gear_00107.mp4
1597,top-gear,top-gear_00109.mp4
1598,top-gear,top-gear_00111.mp4
1599,top-gear,top-gear_00113.mp4
1600,top-gear,top-gear_00115.mp4
1601,top-gear,top-gear_00117.mp4
1602,top-gear,top-gear_00119.mp4
1603,top-gear,top-gear_00121.mp4
1604,top-gear,top-gear_00123.mp4
1605,top-gear,top-gear_00125.mp4
1606,top-gear,top-gear_00127.mp4
1607,top-gear,top-gear_00129.mp4
1608,top-gear,top-gear_00131.mp4
1609,top-gear,top-gear_00133.mp4
1610,top-gear,top-gear_00135.mp4
1611,top-gear,top-gear_00137.mp4
1612,top-gear,top-gear_00139.mp4
1613,top-gear,top-gear_00141.mp4
1614,top-gear,top-gear_00143.mp4
1615,top-gear,top-gear_00145.mp4
1616,top-gear,top-gear_00147.mp4
1617,top-gear,top-gear_00149.mp4
1618,top-gear,top-gear_00151.mp4
1619,top-gear,top-gear_00153.mp4
1620,top-gear,top-gear_00155.mp4
1621,top-gear,top-gear_00157.mp4
1622,top-gear,top-gear_00159.mp4
1623,top-gear,top-gear_00161.mp4
1624,top-gear,top-gear_00163.mp4
1625,top-gear,top-gear_00165.mp4
1626,top-gear,top-gear_00167.mp4
1627,top-gear,top-gear_00169.mp4
1628,top-gear,top-gear_00171.mp4
1629,top-gear,top-gear_00173.mp4
1630,top-gear,top-gear_00175.mp4
1631,top-gear,top-gear_00177.mp4
1632,top-gear,top-gear_00179.mp4
1633,top-gear,top-gear_00181.mp4
1634,top-gear,top-gear_00183.mp4
1635,top-gear,top-gear_00185.mp4
1636,top-gear,top-gear_00187.mp4
1637,top-gear,top-gear_00189.mp4
1638,top-gear,top-gear_00191.mp4
1639,top-gear,top-gear_00193.mp4
1640,top-gear,top-gear_00195.mp4
1641,top-gear,top-gear_00197.mp4
1642,top-gear,top-gear_00199.mp4
1643,top-gear,top-gear_00201.mp4
1644,top-gear,top-gear_00203.mp4
1645,top-gear,top-gear_00205.mp4
1646,top-gear,top-gear_00207.mp4
1647,top-gear,top-gear_00209.mp4
1648,top-gear,top-gear_00211.mp4
1649,top-gear,top-gear_00213.mp4
1650,top-gear,top-gear_00215.mp4
1651,top-gear,top-gear_00217.mp4
1652,top-gear,top-gear_00219.mp4
1653,top-gear,top-gear_00221.mp4
1654,top-gear,top-gear_00223.mp4
1655,top-gear,top-gear_00225.mp4
1656,top-gear,top-gear_00227.mp4
1657,top-gear,top-gear_00229.mp4
1658,top-gear,top-gear_00231.mp4
1659,top-gear,top-gear_00233.mp4
1660,top-gear,top-gear_00235.mp4
1661,top-gear,top-gear_00237.mp4
1662,top-gear,top-gear_00239.mp4
1663,top-gear,top-gear_00241.mp4
1664,top-gear,top-gear_00243.mp4
1665,top-gear,top-gear_00245.mp4
1666,top-gear,top-gear_00247.mp4
1667,top-gear,top-gear_00249.mp4
1668,top-gear,top-gear_00251.mp4
1669,top-gear,top-gear_00253.mp4
1670,top-gear,top-gear_00255.mp4
1671,top-gear,top-gear_00257.mp4
1672,top-gear,top-gear_00259.mp4
1673,top-gear,top-gear_00261.mp4
1674,top-gear,top-gear_00263.mp4
1675,top-gear,top-gear_00265.mp4
1676,top-gear,top-gear_00267.mp4
1677,top-gear,top-gear_00269.mp4
1678,top-gear,top-gear_00271.mp4
1679,top-gear,top-gear_00273.mp4
1680,top-gear,top-gear_00275.mp4
1681,top-gear,top-gear_00277.mp4
1682,top-gear,top-gear_00279.mp4
1683,top-gear,top-gear_00281.mp4
1684,top-gear,top-gear_00283.mp4
1685,top-gear,top-gear_00285.mp4
1686,top-gear,top-gear_00287.mp4
1687,top-gear,top-gear_00289.mp4
1688,top-gear,top-gear_00291.mp4
1689,top-gear,top-gear_00293.mp4
1690,top-gear,top-gear_00295.mp4
1691,top-gear,top-gear_00297.mp4
1692,top-gear,top-gear_00299.mp4
1693,top-gear,top-gear_00301.mp4
1694,top-gear,top-gear_00303.mp4
1695,top-gear,top-gear_00305.mp4
1696,top-gear,top-gear_00307.mp4
1697,top-gear,top-gear_00309.mp4
1698,top-gear,top-gear_00311.mp4
1699,top-gear,top-gear_00313.mp4
1700,top-gear,top-gear_00315.mp4
1701,top-gear,top-gear_00317.mp4
1702,top-gear,top-gear_00319.mp4
1703,top-gear,top-gear_00321.mp4
1704,top-gear,top-gear_00323.mp4
1705,top-gear,top-gear_00325.mp4
1706,top-gear,top-gear_00327.mp4
1707,top-gear,top-gear_00329.mp4
1708,top-gear,top-gear_00331.mp4
1709,top-gear,top-gear_00333.mp4
1710,top-gear,top-gear_00335.mp4
1711,top-gear,top-gear_00337.mp4
1712,top-gear,top-gear_00339.mp4
1713,top-gear,top-gear_00341.mp4
1714,top-gear,top-gear_00343.mp4
1715,top-gear,top-gear_00345.mp4
1716,top-gear,top-gear_00347.mp4
1717,top-gear,top-gear_00349.mp4
1718,top-gear,top-gear_00351.mp4
1719,top-gear,top-gear_00353.mp4
1720,top-gear,top-gear_00355.mp4
1721,top-gear,top-gear_00357.mp4
1722,top-gear,top-gear_00359.mp4
1723,top-gear,top-gear_00361.mp4
1724,top-gear,top-gear_00363.mp4
1725,top-gear,top-gear_00365.mp4
1726,top-gear,top-gear_00367.mp4
1727,top-gear,top-gear_00369.mp4
1728,top-gear,top-gear_00371.mp4
1729,top-gear,top-gear_00373.mp4
1730,top-gear,top-gear_00375.mp4
1731,top-gear,top-gear_00377.mp4
1732,top-gear,top-gear_00379.mp4
1733,top-gear,top-gear_00381.mp4
1734,top-gear,top-gear_00383.mp4
1735,top-gear,top-gear_00385.mp4
1736,top-gear,top-gear_00387.mp4
1737,top-gear,top-gear_00389.mp4
1738,top-gear,top-gear_00391.mp4
1739,top-gear,top-gear_00393.mp4
1740,top-gear,top-gear_00395.mp4
1741,top-gear,top-gear_00397.mp4
1742,top-gear,top-gear_00399.mp4
1743,top-gear,top-gear_00401.mp4
1744,top-gear,top-gear_00403.mp4
1745,top-gear,top-gear_00405.mp4
1746,top-gear,top-gear_00407.mp4
1747,top-gear,top-gear_00409.mp4
1748,top-gear,top-gear_00411.mp4
1749,top-gear,top-gear_00413.mp4
1750,top-gear,top-gear_00415.mp4
1751,top-gear,top-gear_00417.mp4
1752,top-gear,top-gear_00419.mp4
1753,top-gear,top-gear_00421.mp4
1754,top-gear,top-gear_00423.mp4
1755,top-gear,top-gear_00425.mp4
1756,top-gear,top-gear_00427.mp4
1757,top-gear,top-gear_00429.mp4
1758,top-gear,top-gear_00431.mp4
1759,top-gear,top-gear_00433.mp4
1760,top-gear,top-gear_00435.mp4
1761,top-gear,top-gear_00437.mp4
1762,top-gear,top-gear_00439.mp4
1763,top-gear,top-gear_00441.mp4
1764,top-gear,top-gear_00443.mp4
1765,top-gear,top-gear_00445.mp4
1766,top-gear,top-gear_00447.mp4
1767,top-gear,top-gear_00449.mp4
1768,top-gear,top-gear_00451.mp4
1769,top-gear,top-gear_00453.mp4
1770,top-gear,top-gear_00455.mp4
1771,top-gear,top-gear_00457.mp4
1772,top-gear,top-gear_00459.mp4
1773,top-gear,top-gear_00461.mp4
1774,top-gear,top-gear_00463.mp4
1775,top-gear,top-gear_00465.mp4
1776,top-gear,top-gear_00467.mp4
1777,top-gear,top-gear_00469.mp4
1778,top-gear,top-gear_00471.mp4
1779,top-gear,top-gear_00473.mp4
1780,top-gear,top-gear_00475.mp4
1781,top-gear,top-gear_00477.mp4
1782,top-gear,top-gear_00479.mp4
1783,top-gear,top-gear_00481.mp4
1784,top-gear,top-gear_00483.mp4
1785,top-gear,top-gear_00485.mp4
1786,top-gear,top-gear_00487.mp4
1787,top-gear,top-gear_00489.mp4
1788,top-gear,top-gear_00491.mp4
1789,top-gear,top-gear_00493.mp4
1790,top-gear,top-gear_00495.mp4
1791,top-gear,top-gear_00497.mp4
1792,top-gear,top-gear_00499.mp4
1793,top-gear,top-gear_00501.mp4
1794,top-gear,top-gear_00503.mp4
1795,top-gear,top-gear_00505.mp4
1796,top-gear,top-gear_00507.mp4
1797,top-gear,top-gear_00509.mp4
1798,top-gear,top-gear_00511.mp4
1799,top-gear,top-gear_00513.mp4
1800,top-gear,top-gear_00515.mp4
1801,top-gear,top-gear_00517.mp4
1802,top-gear,top-gear_00519.mp4
1803,top-gear,top-gear_00521.mp4
1804,top-gear,top-gear_00523.mp4
1805,top-gear,top-gear_00525.mp4
1806,top-gear,top-gear_00527.mp4
1807,top-gear,top-gear_00529.mp4
1808,top-gear,top-gear_00531.mp4
1809,top-gear,top-gear_00533.mp4
1810,top-gear,top-gear_00535.mp4
1811,top-gear,top-gear_00537.mp4
1812,top-gear,top-gear_00539.mp4
1813,top-gear,top-gear_00541.mp4
1814,top-gear,top-gear_00543.mp4
1815,top-gear,top-gear_00545.mp4
1816,top-gear,top-gear_00547.mp4
1817,top-gear,top-gear_00549.mp4
1818,top-gear,top-gear_00551.mp4
1819,top-gear,top-gear_00553.mp4
1820,top-gear,top-gear_00555.mp4
1821,top-gear,top-gear_00557.mp4
1822,top-gear,top-gear_00559.mp4
1823,top-gear,top-gear_00561.mp4
1824,top-gear,top-gear_00563.mp4
1825,top-gear,top-gear_00565.mp4
1826,top-gear,top-gear_00567.mp4
1827,top-gear,top-gear_00569.mp4
1828,top-gear,top-gear_00571.mp4
1829,top-gear,top-gear_00573.mp4
1830,top-gear,top-gear_00575.mp4
1831,top-gear,top-gear_00577.mp4
1832,top-gear,top-gear_00579.mp4
1833,top-gear,top-gear_00581.mp4
1834,top-gear,top-gear_00583.mp4
1835,top-gear,top-gear_00585.mp4
1836,top-gear,top-gear_00587.mp4
1837,top-gear,top-gear_00589.mp4
1838,top-gear,top-gear_00591.mp4
1839,top-gear,top-gear_00593.mp4
1840,top-gear,top-gear_00595.mp4
1841,top-gear,top-gear_00597.mp4
1842,top-gear,top-gear_00599.mp4
1843,top-gear,top-gear_00601.mp4
1844,top-gear,top-gear_00603.mp4
1845,top-gear,top-gear_00605.mp4
1846,top-gear,top-gear_00607.mp4
1847,top-gear,top-gear_00609.mp4
1848,top-gear,top-gear_00611.mp4
1849,top-gear,top-gear_00613.mp4
1850,top-gear,top-gear_00615.mp4
1851,top-gear,top-gear_00617.mp4
1852,top-gear,top-gear_00619.mp4
1853,top-gear,top-gear_00621.mp4
1854,top-gear,top-gear_00623.mp4
1855,top-gear,top-gear_00625.mp4
1856,top-gear,top-gear_00627.mp4
1857,top-gear,top-gear_00629.mp4
1858,top-gear,top-gear_00631.mp4
1859,top-gear,top-gear_00633.mp4
1860,top-gear,top-gear_00635.mp4
1861,top-gear,top-gear_00637.mp4
1862,top-gear,top-gear_00639.mp4
1863,top-gear,top-gear_00641.mp4
1864,top-gear,top-gear_00643.mp4
1865,top-gear,top-gear_00645.mp4
1866,top-gear,top-gear_00647.mp4
1867,top-gear,top-gear_00649.mp4
1868,top-gear,top-gear_00651.mp4
1869,top-gear,top-gear_00653.mp4
1870,top-gear,top-gear_00655.mp4
1871,top-gear,top-gear_00657.mp4
1872,top-gear,top-gear_00659.mp4
1873,top-gear,top-gear_00661.mp4
1874,top-gear,top-gear_00663.mp4
1875,top-gear,top-gear_00665.mp4
1876,top-gear,top-gear_00667.mp4
1877,top-gear,top-gear_00669.mp4
1878,top-gear,top-gear_00671.mp4
1879,top-gear,top-gear_00673.mp4
1880,top-gear,top-gear_00675.mp4
1881,top-gear,top-gear_00677.mp4
1882,top-gear,top-gear_00679.mp4
1883,top-gear,top-gear_00681.mp4
1884,top-gear,top-gear_00683.mp4
1885,top-gear,top-gear_00685.mp4
1886,top-gear,top-gear_00687.mp4
1887,top-gear,top-gear_00689.mp4
1888,top-gear,top-gear_00691.mp4
1889,toy-story-1996,toy-story-1996_00001.mp4
1890,toy-story-1996,toy-story-1996_00003.mp4
1891,toy-story-1996,toy-story-1996_00005.mp4
1892,toy-story-1996,toy-story-1996_00007.mp4
1893,toy-story-1996,toy-story-1996_00009.mp4
1894,toy-story-1996,toy-story-1996_00011.mp4
1895,toy-story-1996,toy-story-1996_00013.mp4
1896,toy-story-1996,toy-story-1996_00015.mp4
1897,toy-story-1996,toy-story-1996_00017.mp4
1898,toy-story-1996,toy-story-1996_00019.mp4
1899,toy-story-1996,toy-story-1996_00021.mp4
1900,toy-story-1996,toy-story-1996_00023.mp4
1901,toy-story-1996,toy-story-1996_00025.mp4
1902,toy-story-1996,toy-story-1996_00027.mp4
1903,toy-story-1996,toy-story-1996_00029.mp4
1904,toy-story-1996,toy-story-1996_00031.mp4
1905,toy-story-1996,toy-story-1996_00033.mp4
1906,toy-story-1996,toy-story-1996_00035.mp4
1907,toy-story-1996,toy-story-1996_00037.mp4
1908,toy-story-1996,toy-story-1996_00039.mp4
1909,toy-story-1996,toy-story-1996_00041.mp4
1910,toy-story-1996,toy-story-1996_00043.mp4
1911,toy-story-1996,toy-story-1996_00045.mp4
1912,toy-story-1996,toy-story-1996_00047.mp4
1913,toy-story-1996,toy-story-1996_00049.mp4
1914,toy-story-1996,toy-story-1996_00051.mp4
1915,toy-story-1996,toy-story-1996_00053.mp4
1916,toy-story-1996,toy-story-1996_00055.mp4
1917,toy-story-1996,toy-story-1996_00057.mp4
1918,toy-story-1996,toy-story-1996_00059.mp4
1919,toy-story-1996,toy-story-1996_00061.mp4
1920,toy-story-1996,toy-story-1996_00063.mp4
1921,toy-story-1996,toy-story-1996_00065.mp4
1922,toy-story-1996,toy-story-1996_00067.mp4
1923,toy-story-1996,toy-story-1996_00069.mp4
1924,toy-story-1996,toy-story-1996_00071.mp4
1925,toy-story-1996,toy-story-1996_00073.mp4
1926,toy-story-1996,toy-story-1996_00075.mp4
1927,toy-story-1996,toy-story-1996_00077.mp4
1928,toy-story-1996,toy-story-1996_00079.mp4
1929,toy-story-1996,toy-story-1996_00081.mp4
1930,toy-story-1996,toy-story-1996_00083.mp4
1931,toy-story-1996,toy-story-1996_00085.mp4
1932,toy-story-1996,toy-story-1996_00087.mp4
1933,toy-story-1996,toy-story-1996_00089.mp4
1934,toy-story-1996,toy-story-1996_00091.mp4
1935,toy-story-1996,toy-story-1996_00093.mp4
1936,toy-story-1996,toy-story-1996_00095.mp4
1937,toy-story-1996,toy-story-1996_00097.mp4
1938,toy-story-1996,toy-story-1996_00099.mp4
1939,toy-story-1996,toy-story-1996_00101.mp4
1940,toy-story-1996,toy-story-1996_00103.mp4
1941,toy-story-1996,toy-story-1996_00105.mp4
1942,toy-story-1996,toy-story-1996_00107.mp4
1943,toy-story-1996,toy-story-1996_00109.mp4
1944,toy-story-1996,toy-story-1996_00111.mp4
1945,toy-story-1996,toy-story-1996_00113.mp4
1946,toy-story-1996,toy-story-1996_00115.mp4
1947,toy-story-1996,toy-story-1996_00117.mp4
1948,toy-story-1996,toy-story-1996_00119.mp4
1949,toy-story-1996,toy-story-1996_00121.mp4
1950,toy-story-1996,toy-story-1996_00123.mp4
1951,toy-story-1996,toy-story-1996_00125.mp4
1952,toy-story-1996,toy-story-1996_00127.mp4
1953,toy-story-1996,toy-story-1996_00129.mp4
1954,toy-story-1996,toy-story-1996_00131.mp4
1955,toy-story-1996,toy-story-1996_00133.mp4
1956,toy-story-1996,toy-story-1996_00135.mp4
1957,toy-story-1996,toy-story-1996_00137.mp4
1958,toy-story-1996,toy-story-1996_00139.mp4
1959,toy-story-1996,toy-story-1996_00141.mp4
1960,toy-story-1996,toy-story-1996_00143.mp4
1961,toy-story-1996,toy-story-1996_00145.mp4
1962,toy-story-1996,toy-story-1996_00147.mp4
1963,toy-story-1996,toy-story-1996_00149.mp4
1964,toy-story-1996,toy-story-1996_00151.mp4
1965,toy-story-1996,toy-story-1996_00153.mp4
1966,toy-story-1996,toy-story-1996_00155.mp4
1967,toy-story-1996,toy-story-1996_00157.mp4
1968,toy-story-1996,toy-story-1996_00159.mp4
1969,toy-story-1996,toy-story-1996_00161.mp4
1970,toy-story-1996,toy-story-1996_00163.mp4
1971,toy-story-1996,toy-story-1996_00165.mp4
1972,toy-story-1996,toy-story-1996_00167.mp4
1973,toy-story-1996,toy-story-1996_00169.mp4
1974,toy-story-1996,toy-story-1996_00171.mp4
1975,toy-story-1996,toy-story-1996_00173.mp4
1976,toy-story-1996,toy-story-1996_00175.mp4
1977,toy-story-1996,toy-story-1996_00177.mp4
1978,toy-story-1996,toy-story-1996_00179.mp4
1979,toy-story-1996,toy-story-1996_00181.mp4
1980,toy-story-1996,toy-story-1996_00183.mp4
1981,toy-story-1996,toy-story-1996_00185.mp4
1982,toy-story-1996,toy-story-1996_00187.mp4
1983,toy-story-1996,toy-story-1996_00189.mp4
1984,toy-story-1996,toy-story-1996_00191.mp4
1985,toy-story-1996,toy-story-1996_00193.mp4
1986,toy-story-1996,toy-story-1996_00195.mp4
1987,toy-story-1996,toy-story-1996_00197.mp4
1988,toy-story-1996,toy-story-1996_00199.mp4
1989,toy-story-1996,toy-story-1996_00201.mp4
1990,toy-story-1996,toy-story-1996_00203.mp4
1991,toy-story-1996,toy-story-1996_00205.mp4
1992,toy-story-1996,toy-story-1996_00207.mp4
1993,toy-story-1996,toy-story-1996_00209.mp4
1994,toy-story-1996,toy-story-1996_00211.mp4
1995,toy-story-1996,toy-story-1996_00213.mp4
1996,toy-story-1996,toy-story-1996_00215.mp4
1997,toy-story-1996,toy-story-1996_00217.mp4
1998,toy-story-1996,toy-story-1996_00219.mp4
1999,toy-story-1996,toy-story-1996_00221.mp4
2000,toy-story-1996,toy-story-1996_00223.mp4
2001,toy-story-1996,toy-story-1996_00225.mp4
2002,toy-story-1996,toy-story-1996_00227.mp4
2003,toy-story-1996,toy-story-1996_00229.mp4
2004,toy-story-1996,toy-story-1996_00231.mp4
2005,toy-story-1996,toy-story-1996_00233.mp4
2006,toy-story-1996,toy-story-1996_00235.mp4
2007,toy-story-1996,toy-story-1996_00237.mp4
2008,toy-story-1996,toy-story-1996_00239.mp4
2009,toy-story-1996,toy-story-1996_00241.mp4
2010,toy-story-1996,toy-story-1996_00243.mp4
2011,toy-story-1996,toy-story-1996_00245.mp4
2012,toy-story-1996,toy-story-1996_00247.mp4
2013,toy-story-1996,toy-story-1996_00249.mp4
2014,toy-story-1996,toy-story-1996_00251.mp4
2015,toy-story-1996,toy-story-1996_00253.mp4
2016,toy-story-1996,toy-story-1996_00255.mp4
2017,toy-story-1996,toy-story-1996_00257.mp4
2018,toy-story-1996,toy-story-1996_00259.mp4
2019,toy-story-1996,toy-story-1996_00261.mp4
2020,toy-story-1996,toy-story-1996_00263.mp4
2021,toy-story-1996,toy-story-1996_00265.mp4
2022,toy-story-1996,toy-story-1996_00267.mp4
2023,toy-story-1996,toy-story-1996_00269.mp4
2024,toy-story-1996,toy-story-1996_00271.mp4
2025,toy-story-1996,toy-story-1996_00273.mp4
2026,toy-story-1996,toy-story-1996_00275.mp4
2027,toy-story-1996,toy-story-1996_00277.mp4
2028,toy-story-1996,toy-story-1996_00279.mp4
2029,toy-story-1996,toy-story-1996_00281.mp4
2030,toy-story-1996,toy-story-1996_00283.mp4
2031,toy-story-1996,toy-story-1996_00285.mp4
2032,toy-story-1996,toy-story-1996_00287.mp4
2033,toy-story-1996,toy-story-1996_00289.mp4
2034,toy-story-1996,toy-story-1996_00291.mp4
2035,toy-story-1996,toy-story-1996_00293.mp4
2036,toy-story-1996,toy-story-1996_00295.mp4
2037,toy-story-1996,toy-story-1996_00297.mp4
2038,toy-story-1996,toy-story-1996_00299.mp4
2039,toy-story-1996,toy-story-1996_00301.mp4
2040,toy-story-1996,toy-story-1996_00303.mp4
2041,toy-story-1996,toy-story-1996_00305.mp4
2042,toy-story-1996,toy-story-1996_00307.mp4
2043,toy-story-1996,toy-story-1996_00309.mp4
2044,toy-story-1996,toy-story-1996_00311.mp4
2045,toy-story-1996,toy-story-1996_00313.mp4
2046,toy-story-1996,toy-story-1996_00315.mp4
2047,toy-story-1996,toy-story-1996_00317.mp4
2048,toy-story-1996,toy-story-1996_00319.mp4
2049,toy-story-1996,toy-story-1996_00321.mp4
2050,toy-story-1996,toy-story-1996_00323.mp4
2051,toy-story-1996,toy-story-1996_00325.mp4
2052,toy-story-1996,toy-story-1996_00327.mp4
2053,toy-story-1996,toy-story-1996_00329.mp4
2054,toy-story-1996,toy-story-1996_00331.mp4
2055,toy-story-1996,toy-story-1996_00333.mp4
2056,toy-story-1996,toy-story-1996_00335.mp4
