video,soundtrack,input_confidence,fingerprint_confidence
3-ninjas-kick-back_00001.mp4,soundtrack_0013,0.67,0.08
3-ninjas-kick-back_00003.mp4,soundtrack_0013,0.46,0.04
3-ninjas-kick-back_00005.mp4,soundtrack_0009,0.38,0.06
3-ninjas-kick-back_00007.mp4,soundtrack_0009,0.47,0.07
3-ninjas-kick-back_00009.mp4,soundtrack_0009,0.33,0.04
3-ninjas-kick-back_00011.mp4,soundtrack_0013,0.63,0.05
3-ninjas-kick-back_00013.mp4,None,None,None
3-ninjas-kick-back_00015.mp4,None,None,None
3-ninjas-kick-back_00017.mp4,soundtrack_0009,0.48,0.07
3-ninjas-kick-back_00019.mp4,soundtrack_0009,0.15,0.03
3-ninjas-kick-back_00021.mp4,None,None,None
3-ninjas-kick-back_00023.mp4,soundtrack_0012,0.28,0.05
3-ninjas-kick-back_00025.mp4,soundtrack_0009,0.14,0.02
3-ninjas-kick-back_00027.mp4,soundtrack_0013,0.33,0.04
3-ninjas-kick-back_00029.mp4,soundtrack_0009,0.12,0.02
3-ninjas-kick-back_00031.mp4,soundtrack_0009,0.56,0.08
3-ninjas-kick-back_00033.mp4,soundtrack_0009,0.57,0.06
3-ninjas-kick-back_00035.mp4,soundtrack_0012,0.12,0.01
3-ninjas-kick-back_00037.mp4,soundtrack_0010,0.17,0.07
3-ninjas-kick-back_00039.mp4,soundtrack_0010,0.12,0.05
3-ninjas-kick-back_00041.mp4,soundtrack_0010,0.11,0.03
3-ninjas-kick-back_00043.mp4,soundtrack_0010,0.23,0.05
3-ninjas-kick-back_00045.mp4,soundtrack_0012,0.26,0.07
3-ninjas-kick-back_00047.mp4,soundtrack_0008,0.96,0.01
3-ninjas-kick-back_00049.mp4,None,None,None
3-ninjas-kick-back_00051.mp4,soundtrack_0005,0.75,0.27
3-ninjas-kick-back_00053.mp4,soundtrack_0005,0.43,0.14
3-ninjas-kick-back_00055.mp4,soundtrack_0005,0.52,0.16
3-ninjas-kick-back_00057.mp4,soundtrack_0005,0.71,0.16
3-ninjas-kick-back_00059.mp4,soundtrack_0005,0.44,0.13
3-ninjas-kick-back_00061.mp4,soundtrack_0005,0.4,0.17
3-ninjas-kick-back_00063.mp4,soundtrack_0005,0.52,0.12
3-ninjas-kick-back_00065.mp4,soundtrack_0003,0.84,0.03
3-ninjas-kick-back_00067.mp4,soundtrack_0003,2.05,0.14
3-ninjas-kick-back_00069.mp4,soundtrack_0003,2.44,0.11
3-ninjas-kick-back_00071.mp4,soundtrack_0003,1.12,0.07
3-ninjas-kick-back_00073.mp4,soundtrack_0003,0.43,0.03
3-ninjas-kick-back_00075.mp4,soundtrack_0003,1.9,0.09
3-ninjas-kick-back_00077.mp4,soundtrack_0003,1.41,0.1
3-ninjas-kick-back_00079.mp4,soundtrack_0003,1.66,0.09
3-ninjas-kick-back_00081.mp4,soundtrack_0003,1.3,0.08
3-ninjas-kick-back_00083.mp4,soundtrack_0003,1.34,0.08
3-ninjas-kick-back_00085.mp4,soundtrack_0003,0.41,0.06
3-ninjas-kick-back_00087.mp4,soundtrack_0012,0.26,0.07
3-ninjas-kick-back_00089.mp4,soundtrack_0004,0.9,0.05
3-ninjas-kick-back_00091.mp4,soundtrack_0002,0.3,0.03
3-ninjas-kick-back_00093.mp4,soundtrack_0002,0.59,0.06
3-ninjas-kick-back_00095.mp4,soundtrack_0002,0.38,0.04
3-ninjas-kick-back_00097.mp4,soundtrack_0002,0.18,0.02
3-ninjas-kick-back_00099.mp4,soundtrack_0002,0.43,0.05
3-ninjas-kick-back_00101.mp4,soundtrack_0002,0.97,0.08
3-ninjas-kick-back_00103.mp4,soundtrack_0002,0.62,0.06
3-ninjas-kick-back_00105.mp4,soundtrack_0002,0.09,0.01
3-ninjas-kick-back_00107.mp4,soundtrack_0002,0.6,0.07
3-ninjas-kick-back_00109.mp4,soundtrack_0002,0.44,0.05
3-ninjas-kick-back_00111.mp4,soundtrack_0002,0.38,0.04
3-ninjas-kick-back_00113.mp4,soundtrack_0002,0.59,0.06
3-ninjas-kick-back_00115.mp4,soundtrack_0002,0.36,0.04
3-ninjas-kick-back_00117.mp4,soundtrack_0003,0.06,0.01
3-ninjas-kick-back_00119.mp4,soundtrack_0007,0.08,0.04
3-ninjas-kick-back_00121.mp4,soundtrack_0004,0.66,0.12
3-ninjas-kick-back_00123.mp4,soundtrack_0004,1.38,0.16
3-ninjas-kick-back_00125.mp4,soundtrack_0008,1.34,0.13
3-ninjas-kick-back_00127.mp4,soundtrack_0008,2.16,0.18
3-ninjas-kick-back_00129.mp4,soundtrack_0008,1.06,0.12
3-ninjas-kick-back_00131.mp4,soundtrack_0008,0.77,0.06
3-ninjas-kick-back_00133.mp4,soundtrack_0008,1.35,0.13
3-ninjas-kick-back_00135.mp4,soundtrack_0008,1.78,0.16
3-ninjas-kick-back_00137.mp4,soundtrack_0008,0.66,0.09
3-ninjas-kick-back_00139.mp4,soundtrack_0008,0.47,0.06
3-ninjas-kick-back_00141.mp4,soundtrack_0008,2.85,0.23
3-ninjas-kick-back_00143.mp4,soundtrack_0008,2.28,0.18
3-ninjas-kick-back_00145.mp4,soundtrack_0008,2.71,0.21
3-ninjas-kick-back_00147.mp4,soundtrack_0008,0.79,0.08
3-ninjas-kick-back_00149.mp4,soundtrack_0008,1.08,0.11
3-ninjas-kick-back_00151.mp4,soundtrack_0008,0.99,0.11
3-ninjas-kick-back_00153.mp4,soundtrack_0008,1.63,0.05
3-ninjas-kick-back_00155.mp4,soundtrack_0008,1.29,0.12
3-ninjas-kick-back_00157.mp4,soundtrack_0008,1.64,0.15
3-ninjas-kick-back_00159.mp4,soundtrack_0008,1.15,0.12
3-ninjas-kick-back_00161.mp4,soundtrack_0008,2.52,0.17
3-ninjas-kick-back_00163.mp4,soundtrack_0008,1.42,0.12
3-ninjas-kick-back_00165.mp4,soundtrack_0008,0.69,0.08
3-ninjas-kick-back_00167.mp4,soundtrack_0008,1.05,0.07
3-ninjas-kick-back_00169.mp4,soundtrack_0008,1.28,0.12
3-ninjas-kick-back_00171.mp4,soundtrack_0008,1.64,0.14
3-ninjas-kick-back_00173.mp4,soundtrack_0008,1.18,0.13
3-ninjas-kick-back_00175.mp4,soundtrack_0008,0.77,0.06
3-ninjas-kick-back_00177.mp4,soundtrack_0008,1.31,0.11
3-ninjas-kick-back_00179.mp4,soundtrack_0008,2.22,0.06
3-ninjas-kick-back_00181.mp4,None,None,None
3-ninjas-kick-back_00183.mp4,soundtrack_0008,1.16,0.15
3-ninjas-kick-back_00185.mp4,soundtrack_0008,2.76,0.21
3-ninjas-kick-back_00187.mp4,soundtrack_0008,1.74,0.16
3-ninjas-kick-back_00189.mp4,soundtrack_0008,0.82,0.07
3-ninjas-kick-back_00191.mp4,soundtrack_0008,1.58,0.15
3-ninjas-kick-back_00193.mp4,soundtrack_0008,0.88,0.07
3-ninjas-kick-back_00195.mp4,soundtrack_0007,0.03,0.02
3-ninjas-kick-back_00197.mp4,None,None,None
3-ninjas-kick-back_00199.mp4,None,None,None
3-ninjas-kick-back_00201.mp4,soundtrack_0012,0.11,0.01
3-ninjas-kick-back_00203.mp4,soundtrack_0006,1.65,0.26
3-ninjas-kick-back_00205.mp4,soundtrack_0011,0.63,0.39
3-ninjas-kick-back_00207.mp4,soundtrack_0006,1.93,0.26
3-ninjas-kick-back_00209.mp4,soundtrack_0006,1.39,0.23
3-ninjas-kick-back_00211.mp4,soundtrack_0006,1.52,0.22
3-ninjas-kick-back_00213.mp4,soundtrack_0006,2.96,0.31
3-ninjas-kick-back_00215.mp4,soundtrack_0006,2.6,0.34
3-ninjas-kick-back_00217.mp4,soundtrack_0006,1.27,0.17
3-ninjas-kick-back_00219.mp4,soundtrack_0006,2.63,0.29
3-ninjas-kick-back_00221.mp4,soundtrack_0006,2.03,0.29
3-ninjas-kick-back_00223.mp4,None,None,None
3-ninjas-kick-back_00225.mp4,soundtrack_0012,0.13,0.03
3-ninjas-kick-back_00227.mp4,soundtrack_0010,0.01,0.0
3-ninjas-kick-back_00229.mp4,soundtrack_0010,0.01,0.0
3-ninjas-kick-back_00231.mp4,soundtrack_0007,0.13,0.05
3-ninjas-kick-back_00233.mp4,soundtrack_0012,0.11,0.04
3-ninjas-kick-back_00235.mp4,soundtrack_0006,2.55,0.34
3-ninjas-kick-back_00237.mp4,soundtrack_0013,0.39,0.04
3-ninjas-kick-back_00239.mp4,soundtrack_0013,0.76,0.08
3-ninjas-kick-back_00241.mp4,soundtrack_0013,0.4,0.03
3-ninjas-kick-back_00243.mp4,soundtrack_0013,0.36,0.05
3-ninjas-kick-back_00245.mp4,soundtrack_0013,0.92,0.07
3-ninjas-kick-back_00247.mp4,soundtrack_0013,0.82,0.11
3-ninjas-kick-back_00249.mp4,soundtrack_0013,0.87,0.06
3-ninjas-kick-back_00251.mp4,soundtrack_0009,0.36,0.03
3-ninjas-kick-back_00253.mp4,soundtrack_0013,0.48,0.05
3-ninjas-kick-back_00255.mp4,None,None,None
3-ninjas-kick-back_00257.mp4,None,None,None
3-ninjas-kick-back_00259.mp4,soundtrack_0009,0.37,0.05
3-ninjas-kick-back_00261.mp4,soundtrack_0009,0.3,0.04
3-ninjas-kick-back_00263.mp4,soundtrack_0009,0.1,0.0
3-ninjas-kick-back_00265.mp4,soundtrack_0012,0.13,0.01
3-ninjas-kick-back_00267.mp4,soundtrack_0009,0.15,0.02
3-ninjas-kick-back_00269.mp4,soundtrack_0013,0.27,0.04
3-ninjas-kick-back_00271.mp4,soundtrack_0009,0.11,0.01
3-ninjas-kick-back_00273.mp4,soundtrack_0009,0.26,0.04
3-ninjas-kick-back_00275.mp4,soundtrack_0009,0.15,0.06
3-ninjas-kick-back_00277.mp4,soundtrack_0009,0.34,0.05
3-ninjas-kick-back_00279.mp4,None,None,None
3-ninjas-kick-back_00281.mp4,soundtrack_0010,0.16,0.06
3-ninjas-kick-back_00283.mp4,soundtrack_0010,0.07,0.03
3-ninjas-kick-back_00285.mp4,soundtrack_0010,0.12,0.03
3-ninjas-kick-back_00287.mp4,soundtrack_0010,0.14,0.04
3-ninjas-kick-back_00289.mp4,soundtrack_0012,0.09,0.02
3-ninjas-kick-back_00291.mp4,soundtrack_0004,1.07,0.13
3-ninjas-kick-back_00293.mp4,None,None,None
3-ninjas-kick-back_00295.mp4,None,None,None
3-ninjas-kick-back_00297.mp4,soundtrack_0005,0.8,0.25
3-ninjas-kick-back_00299.mp4,soundtrack_0005,0.72,0.24
3-ninjas-kick-back_00301.mp4,soundtrack_0005,1.16,0.3
3-ninjas-kick-back_00303.mp4,soundtrack_0005,0.41,0.12
3-ninjas-kick-back_00305.mp4,soundtrack_0005,0.68,0.16
3-ninjas-kick-back_00307.mp4,soundtrack_0005,0.8,0.17
3-ninjas-kick-back_00309.mp4,soundtrack_0005,0.89,0.25
3-ninjas-kick-back_00311.mp4,soundtrack_0005,0.22,0.08
3-ninjas-kick-back_00313.mp4,soundtrack_0003,0.73,0.04
3-ninjas-kick-back_00315.mp4,soundtrack_0003,0.82,0.05
3-ninjas-kick-back_00317.mp4,soundtrack_0003,1.15,0.06
3-ninjas-kick-back_00319.mp4,soundtrack_0003,0.28,0.05
3-ninjas-kick-back_00321.mp4,soundtrack_0003,1.2,0.09
3-ninjas-kick-back_00323.mp4,soundtrack_0003,1.2,0.06
3-ninjas-kick-back_00325.mp4,soundtrack_0003,0.56,0.11
3-ninjas-kick-back_00327.mp4,soundtrack_0012,0.18,0.07
3-ninjas-kick-back_00329.mp4,soundtrack_0004,0.98,0.16
3-ninjas-kick-back_00331.mp4,soundtrack_0012,0.06,0.03
3-ninjas-kick-back_00333.mp4,soundtrack_0002,0.26,0.02
3-ninjas-kick-back_00335.mp4,soundtrack_0002,1.56,0.15
3-ninjas-kick-back_00337.mp4,soundtrack_0002,0.8,0.09
3-ninjas-kick-back_00339.mp4,soundtrack_0002,0.56,0.05
3-ninjas-kick-back_00341.mp4,soundtrack_0002,0.16,0.02
3-ninjas-kick-back_00343.mp4,soundtrack_0002,0.29,0.03
3-ninjas-kick-back_00345.mp4,soundtrack_0009,0.01,0.0
3-ninjas-kick-back_00347.mp4,soundtrack_0002,0.83,0.07
3-ninjas-kick-back_00349.mp4,soundtrack_0012,0.12,0.06
3-ninjas-kick-back_00351.mp4,soundtrack_0002,0.02,0.0
3-ninjas-kick-back_00353.mp4,soundtrack_0007,0.08,0.04
3-ninjas-kick-back_00355.mp4,soundtrack_0004,0.76,0.12
